JDTDB,            Calendar Date (TDB),                      X,                      Y,                      Z,                     VX,                     VY,                     VZ,                     LT,                     RG,                     RR,
2461003.500000000, A.D. 2025-Nov-24 00:00:00.0000,  7.000898424004675E+07,  1.307399029776245E+08, -2.489919874419793E+05, -2.677001750656779E+01,  1.408737217195313E+01, -9.148622079088042E-02,  4.946907590360976E+02,  1.483045586013174E+08, -2.180464560312989E-01,
2461004.500000000, A.D. 2025-Nov-25 00:00:00.0000,  6.768559030549870E+07,  1.319368736347900E+08, -2.567716220901683E+05, -2.701091865838659E+01,  1.361956957562159E+01, -8.858556798662232E-02,  4.946289205106566E+02,  1.482860198777764E+08, -2.111041741730270E-01,
2461005.500000000, A.D. 2025-Nov-26 00:00:00.0000,  6.534172851250262E+07,  1.330932437239719E+08, -2.642974601045549E+05, -2.724379797685337E+01,  1.314756684217309E+01, -8.561183597532818E-02,  4.945690718281743E+02,  1.482680776941469E+08, -2.042375299565808E-01,
2461006.500000000, A.D. 2025-Nov-27 00:00:00.0000,  6.297809521857631E+07,  1.342086560737008E+08, -2.715633392703012E+05, -2.746857989132425E+01,  1.267149751777337E+01, -8.256839619851952E-02,  4.945111908894697E+02,  1.482507254252613E+08, -1.974477020596889E-01,
2461007.500000000, A.D. 2025-Nov-28 00:00:00.0000,  6.059539308392525E+07,  1.352827656550314E+08, -2.785633256651834E+05, -2.768519441136924E+01,  1.219150722934901E+01, -7.945736736238995E-02,  4.944552567224653E+02,  1.482339567838489E+08, -1.907274768688170E-01,
2461008.500000000, A.D. 2025-Nov-29 00:00:00.0000,  5.819433096166178E+07,  1.363152394845224E+08, -2.852917071053758E+05, -2.789356795181247E+01,  1.170773087807775E+01, -7.628155593613251E-02,  4.944012490132390E+02,  1.482177656799490E+08, -1.840779612578395E-01,
2461009.500000000, A.D. 2025-Nov-30 00:00:00.0000,  5.577562357070234E+07,  1.373057567932392E+08, -2.917429568467736E+05, -2.809363846515359E+01,  1.122031459818292E+01, -7.304262062616562E-02,  4.943491481367853E+02,  1.482021462301330E+08, -1.774947758928545E-01,
2461010.500000000, A.D. 2025-Dec-01 00:00:00.0000,  5.333999141737333E+07,  1.382540089696035E+08, -2.979117069799155E+05, -2.828533445459607E+01,  1.072939575851067E+01, -6.974238055264070E-02,  4.942989348422927E+02,  1.481870926631528E+08, -1.709780661942220E-01,
2461011.500000000, A.D. 2025-Dec-02 00:00:00.0000,  5.088816030898944E+07,  1.391596996585552E+08, -3.037927188644707E+05, -2.846860357948856E+01,  1.023511848853901E+01, -6.638222465496080E-02,  4.942505899096241E+02,  1.481725992169562E+08, -1.645289451868432E-01,
2461012.500000000, A.D. 2025-Dec-03 00:00:00.0000,  4.842086132169910E+07,  1.400225448693720E+08, -3.093808595888168E+05, -2.864337918064588E+01,  9.737627214148661E+00, -6.296316724000039E-02,  4.942040944336212E+02,  1.481586602239194E+08, -1.581430875679754E-01,
2461013.500000000, A.D. 2025-Dec-04 00:00:00.0000,  4.593883012788349E+07,  1.408422730065204E+08, -3.146711412899792E+05, -2.880961692381709E+01,  9.237063534173437E+00, -5.948763208044916E-02,  4.941594291584542E+02,  1.481452699112898E+08, -1.518263446844468E-01,
2461014.500000000, A.D. 2025-Dec-05 00:00:00.0000,  4.344280702244602E+07,  1.416186254193673E+08, -3.196587668886483E+05, -2.896725989193501E+01,  8.733581379897920E+00, -5.595817106347978E-02,  4.941165763122093E+02,  1.481324229511818E+08, -1.455684278667016E-01,
2461015.500000000, A.D. 2025-Dec-06 00:00:00.0000,  4.093353646092913E+07,  1.423513563723444E+08, -3.243392844168395E+05, -2.911626262192778E+01,  8.227335097329487E+00, -5.237939450263429E-02,  4.940755191159741E+02,  1.481201143134038E+08, -1.393618861717510E-01,
2461016.500000000, A.D. 2025-Dec-07 00:00:00.0000,  3.841176713108191E+07,  1.430402337710741E+08, -3.287086661643684E+05, -2.925657435957675E+01,  7.718478121360303E+00, -4.875692418281785E-02,  4.940362442705733E+02,  1.481083400109636E+08, -1.331983039710735E-01,
2461017.500000000, A.D. 2025-Dec-08 00:00:00.0000,  3.587825198001490E+07,  1.436850388859781E+08, -3.327633669674769E+05, -2.938814926806375E+01,  7.207170265781183E+00, -4.509586068590155E-02,  4.939987411321929E+02,  1.480970968529258E+08, -1.270644659395117E-01,
2461018.500000000, A.D. 2025-Dec-09 00:00:00.0000,  3.333374810619855E+07,  1.442855665625800E+08, -3.365002401682660E+05, -2.951093499449692E+01,  6.693563152121425E+00, -4.140034909283630E-02,  4.939630022533286E+02,  1.480863826065849E+08, -1.209536637739554E-01,
2461019.500000000, A.D. 2025-Dec-10 00:00:00.0000,  3.077901664182044E+07,  1.448416248563834E+08, -3.399164346766621E+05, -2.962489238547810E+01,  6.177811662049572E+00, -3.767313325535815E-02,  4.939290220151752E+02,  1.480761955874655E+08, -1.148595881477096E-01,
2461020.500000000, A.D. 2025-Dec-11 00:00:00.0000,  2.821482243150870E+07,  1.453530350133526E+08, -3.430092939697430E+05, -2.972997466421479E+01,  5.660066823546581E+00, -3.391605023174993E-02,  4.938967961972287E+02,  1.480665345302922E+08, -1.087783366703416E-01,
2461021.500000000, A.D. 2025-Dec-12 00:00:00.0000,  2.564193358919524E+07,  1.458196313922362E+08, -3.457763177233487E+05, -2.982614910387296E+01,  5.140481417442484E+00, -3.013084599191762E-02,  4.938663213226179E+02,  1.480573983927255E+08, -1.027075357594078E-01,
2461022.500000000, A.D. 2025-Dec-13 00:00:00.0000,  2.306112130304801E+07,  1.462412615673247E+08, -3.482151528626084E+05, -2.991338330744982E+01,  4.619207855882227E+00, -2.631947645008181E-02,  4.938375948051620E+02,  1.480487863994476E+08, -9.664524957764815E-02,
2461023.500000000, A.D. 2025-Dec-14 00:00:00.0000,  2.047315943361174E+07,  1.466177864277142E+08, -3.503236200446934E+05, -2.999164463096636E+01,  4.096402487760752E+00, -2.248389020176655E-02,  4.938106149942619E+02,  1.480406980556214E+08, -9.058576912877037E-02,
2461024.500000000, A.D. 2025-Dec-15 00:00:00.0000,  1.787882426933963E+07,  1.469490802880677E+08, -3.520997479037419E+05, -3.006090806540606E+01,  3.572220772309883E+00, -1.862680336847089E-02,  4.937853813969685E+02,  1.480331332134646E+08, -8.452551693604804E-02,
2461025.500000000, A.D. 2025-Dec-16 00:00:00.0000,  1.527888614363177E+07,  1.472353506432828E+08, -3.535847042392492E+05, -3.012114100455647E+01,  3.047012291483783E+00, -1.477776416489651E-02,  4.937629529793152E+02,  1.480264093430073E+08, -7.825857314200373E-02,
2461026.500000000, A.D. 2025-Dec-17 00:00:00.0000,  1.267414269361385E+07,  1.474758767656677E+08, -3.546935591073334E+05, -3.017233722530359E+01,  2.520558788220286E+00, -1.088792301824471E-02,  4.937412754418842E+02,  1.480199105807775E+08, -7.217291405633229E-02,
2461027.500000000, A.D. 2025-Dec-18 00:00:00.0000,  1.006536729686771E+07,  1.476708772983615E+08, -3.554658013598248E+05, -3.021447009597614E+01,  1.993205928666763E+00, -6.986416496190806E-03,  4.937213545730381E+02,  1.480139384545406E+08, -6.606666739412620E-02,
2461028.500000000, A.D. 2025-Dec-19 00:00:00.0000,  7.453343774313994E+06,  1.478202814763766E+08, -3.559005840609595E+05, -3.024752268636618E+01,  1.465114515216167E+00, -3.076991893078085E-03,  4.937031974136942E+02,  1.480084950751106E+08, -5.993203133885259E-02,
2461029.500000000, A.D. 2025-Dec-20 00:00:00.0000,  4.838857310333944E+06,  1.479240324636681E+08, -3.559973893262297E+05, -3.027148041292445E+01,  9.364460040534265E-01,  8.364755847010130E-04,  4.936868133251414E+02,  1.480035832489313E+08, -5.376088061584662E-02,
2461030.500000000, A.D. 2025-Dec-21 00:00:00.0000,  2.222694246752419E+06,  1.479820873884335E+08, -3.557560378024280E+05, -3.028633101189104E+01,  4.073622874535933E-01,  4.750054544051530E-03,  4.936722140089939E+02,  1.479992064840584E+08, -4.754499772268478E-02,
2461031.500000000, A.D. 2025-Dec-22 00:00:00.0000, -3.943581149950610E+05,  1.479944173793272E+08, -3.551766892868802E+05, -3.029206455906246E+01, -1.219745044735136E-01,  8.659834693317221E-03,  4.936594135265364E+02,  1.479953689959587E+08, -4.127629167539817E-02,
2461032.500000000, A.D. 2025-Dec-23 00:00:00.0000, -3.011511717683311E+06,  1.479610075758406E+08, -3.542598376558498E+05, -3.028867349808362E+01, -6.514022215438838E-01,  1.256200550585046E-02,  4.936484282254548E+02,  1.479920756855457E+08, -3.494703398330323E-02,
2461033.500000000, A.D. 2025-Dec-24 00:00:00.0000, -5.627977958937721E+06,  1.478818571258477E+08, -3.530062982529402E+05, -3.027615270547350E+01, -1.180758918857101E+00,  1.645293687510518E-02,  4.936392766197296E+02,  1.479893321031707E+08, -2.855009588160681E-02,
2461034.500000000, A.D. 2025-Dec-25 00:00:00.0000, -8.242967896536708E+06,  1.477569791418172E+08, -3.514171903273463E+05, -3.025449953291438E+01, -1.709883078548556E+00,  2.032926241661714E-02,  4.936319791286490E+02,  1.479871443703824E+08, -2.207917493528488E-02,
2461035.500000000, A.D. 2025-Dec-26 00:00:00.0000, -1.085569246722167E+07,  1.475864006664588E+08, -3.494939094522148E+05, -3.022371394905359E+01, -2.238613816232633E+00,  2.418795811854479E-02,  4.936265578476168E+02,  1.479855191112162E+08, -1.552898776598136E-02,
2461036.500000000, A.D. 2025-Dec-27 00:00:00.0000, -1.346536272219816E+07,  1.473701626119274E+08, -3.472380948253796E+05, -3.018379872528227E+01, -2.766791063304682E+00,  2.802640792454825E-02,  4.936230362389748E+02,  1.479844633595053E+08, -8.895410702572191E-03,
2461037.500000000, A.D. 2025-Dec-28 00:00:00.0000, -1.607119012414277E+07,  1.471083196916404E+08, -3.446515928557217E+05, -3.013475977950423E+01, -3.294255789654861E+00,  3.184242346713928E-02,  4.936214388311057E+02,  1.479839844686738E+08, -2.175604555626711E-03,
2461038.500000000, A.D. 2025-Dec-29 00:00:00.0000, -1.867238672644433E+07,  1.468009402929886E+08, -3.417364216351658E+05, -3.007660632583315E+01, -3.820849764120448E+00,  3.563422969088448E-02,  4.936217907062074E+02,  1.479840899581755E+08,  4.632316419316723E-03,
2461039.500000000, A.D. 2025-Dec-30 00:00:00.0000, -2.126816556459830E+07,  1.464481064767531E+08, -3.384947394218817E+05, -3.000935158682720E+01, -4.346415286888776E+00,  3.940026033260113E-02,  4.936241175046245E+02,  1.479847875147922E+08,  1.152978327168503E-02,
2461040.500000000, A.D. 2025-Dec-31 00:00:00.0000, -2.385774106792684E+07,  1.460499138744758E+08, -3.349288504499793E+05, -2.993301291075981E+01, -4.870794796257179E+00,  4.313874201014634E-02,  4.936284451712005E+02,  1.479860849165924E+08,  1.851837966039901E-02,
2461041.500000000, A.D. 2026-Jan-01 00:00:00.0000, -2.644032921461743E+07,  1.456064718838494E+08, -3.310412302718833E+05, -2.984761198260878E+01, -5.393828710794573E+00,  4.684715028846753E-02,  4.936348006061053E+02,  1.479879902280442E+08,  2.560214664461697E-02,
2461042.500000000, A.D. 2026-Jan-02 00:00:00.0000, -2.901514812746686E+07,  1.451179036731829E+08, -3.268346390799358E+05, -2.975317339273638E+01, -5.915355580067299E+00,  5.052161006048728E-02,  4.936432119511879E+02,  1.479905118858616E+08,  3.278737074153013E-02,
2461043.500000000, A.D. 2026-Jan-03 00:00:00.0000, -3.158141805115380E+07,  1.445843465664993E+08, -3.223122217707559E+05, -2.964972336230228E+01, -6.435211091030935E+00,  5.415698950452574E-02,  4.936537098097254E+02,  1.479936590646762E+08,  4.008322092724626E-02,
2461044.500000000, A.D. 2026-Jan-04 00:00:00.0000, -3.413836155056203E+07,  1.440059520796489E+08, -3.174775969369411E+05, -2.953728799971016E+01, -6.953230590600170E+00,  5.774775256759179E-02,  4.936663273906634E+02,  1.479974417202797E+08,  4.749874071498215E-02,
2461045.500000000, A.D. 2026-Jan-05 00:00:00.0000, -3.668520339263507E+07,  1.433828858977741E+08, -3.123348320531473E+05, -2.941589369453023E+01, -7.469250998453963E+00,  6.128919257082943E-02,  4.936811001857942E+02,  1.480018704928435E+08,  5.504076894446348E-02,
2461046.500000000, A.D. 2026-Jan-06 00:00:00.0000, -3.922117077644243E+07,  1.427153276630759E+08, -3.068883414226249E+05, -2.928556877530915E+01, -7.983113083555983E+00,  6.477802214334583E-02,  4.936980652245028E+02,  1.480069564834980E+08,  6.271201929504401E-02,
2461047.500000000, A.D. 2026-Jan-07 00:00:00.0000, -4.174549339225932E+07,  1.420034706274991E+08, -3.011427633652166E+05, -2.914634516923774E+01, -8.494660457813065E+00,  6.821222048434183E-02,  4.937172597545413E+02,  1.480127108588384E+08,  7.051253356658989E-02,
2461048.500000000, A.D. 2026-Jan-08 00:00:00.0000, -4.425740396819053E+07,  1.412475214301332E+08, -2.951028843959793E+05, -2.899825894575891E+01, -9.003739221851751E+00,  7.159035682531423E-02,  4.937387207853859E+02,  1.480191447140265E+08,  7.844042977311219E-02,
2461049.500000000, A.D. 2026-Jan-09 00:00:00.0000, -4.675613845748497E+07,  1.404476999960264E+08, -2.887736029026806E+05, -2.884135055613300E+01, -9.510196297047930E+00,  7.491107659877905E-02,  4.937624847751567E+02,  1.480262689789318E+08,  8.649377721357340E-02,
2461050.500000000, A.D. 2026-Jan-10 00:00:00.0000, -4.924093652533894E+07,  1.396042394132490E+08, -2.821599497098401E+05, -2.867566401844664E+01, -1.001387902626265E+01,  7.817277027809633E-02,  4.937885875865121E+02,  1.480340944049087E+08,  9.467095771416918E-02,
2461051.500000000, A.D. 2026-Jan-11 00:00:00.0000, -5.171104175277328E+07,  1.387173859966118E+08, -2.752671044713408E+05, -2.850124677208983E+01, -1.051463480340953E+01,  8.137347002121764E-02,  4.938170648047799E+02,  1.480426316601703E+08,  1.029710671124973E-01,
2461052.500000000, A.D. 2026-Jan-12 00:00:00.0000, -5.416570196768009E+07,  1.377873992124268E+08, -2.681004369186163E+05, -2.831814915260491E+01, -1.101231106268838E+01,  8.451085120680979E-02,  4.938479517705503E+02,  1.480518913395588E+08,  1.113938436374580E-01,
2461053.500000000, A.D. 2026-Jan-13 00:00:00.0000, -5.660416945765798E+07,  1.368145517249912E+08, -2.606655284445509E+05, -2.812642424290625E+01, -1.150675539717677E+01,  8.758228252891520E-02,  4.938812838848109E+02,  1.480618840560233E+08,  1.199395309660150E-01,
2461054.500000000, A.D. 2026-Jan-14 00:00:00.0000, -5.902570120964850E+07,  1.357991293437694E+08, -2.529682000180706E+05, -2.792612770831340E+01, -1.199781571755527E+01,  9.058488861016034E-02,  4.939170966379497E+02,  1.480726204493145E+08,  1.286086950334812E-01,
2461055.500000000, A.D. 2026-Jan-15 00:00:00.0000, -6.142955913438325E+07,  1.347414309949198E+08, -2.450145298489109E+05, -2.771731767507737E+01, -1.248534041432733E+01,  9.351561422928256E-02,  4.939554257041386E+02,  1.480841112142801E+08,  1.374020374730512E-01,
2461056.500000000, A.D. 2026-Jan-16 00:00:00.0000, -6.381501025633161E+07,  1.336417687017612E+08, -2.368108625717089E+05, -2.750005469900124E+01, -1.296917851595415E+01,  9.637128492575453E-02,  4.939963070163508E+02,  1.480963671233544E+08,  1.463202362032939E-01,
2461057.500000000, A.D. 2026-Jan-17 00:00:00.0000, -6.618132694566702E+07,  1.325004674366290E+08, -2.283638275228366E+05, -2.727440158202808E+01, -1.344917995425881E+01,  9.914865644261805E-02,  4.940397765101096E+02,  1.481093989497364E+08,  1.553636431278437E-01,
2461058.500000000, A.D. 2026-Jan-18 00:00:00.0000, -6.852778709685694E+07,  1.313178652041111E+08, -2.196803230454698E+05, -2.704042360031441E+01, -1.392519557374448E+01,  1.018444749876037E-01,  4.940858704917933E+02,  1.481232175778044E+08,  1.645323627765663E-01,
2461059.500000000, A.D. 2026-Jan-19 00:00:00.0000, -7.085367431417289E+07,  1.300943126950726E+08, -2.107675430811867E+05, -2.679818793574665E+01, -1.439707756602273E+01,  1.044555227883555E-01,  4.941346247294446E+02,  1.481378337305478E+08,  1.738256389853362E-01,
2461060.500000000, A.D. 2026-Jan-20 00:00:00.0000, -7.315827815898795E+07,  1.288301734588105E+08, -2.016329417331666E+05, -2.654776431746060E+01, -1.486467951392727E+01,  1.069786589942092E-01,  4.941860751896930E+02,  1.481532581904909E+08,  1.832421112908570E-01,
2461061.500000000, A.D. 2026-Jan-21 00:00:00.0000, -7.544089424353035E+07,  1.275258235244090E+08, -1.922842480551749E+05, -2.628922433404671E+01, -1.532785667406379E+01,  1.094108829222558E-01,  4.942402569065680E+02,  1.481695014605715E+08,  1.927792780177381E-01,
2461062.500000000, A.D. 2026-Jan-22 00:00:00.0000, -7.770082448917280E+07,  1.261816513701909E+08, -1.827294415399879E+05, -2.602264179249739E+01, -1.578646627593297E+01,  1.117493562379286E-01,  4.942972041491880E+02,  1.481865738144129E+08,  2.024334458701672E-01,
2461063.500000000, A.D. 2026-Jan-23 00:00:00.0000, -7.993737732863659E+07,  1.247980577490629E+08, -1.729767360784039E+05, -2.574809274962248E+01, -1.624036783795336E+01,  1.139914269453772E-01,  4.943569500967844E+02,  1.482044851988983E+08,  2.121995458180410E-01,
2461064.500000000, A.D. 2026-Jan-24 00:00:00.0000, -8.214986772513251E+07,  1.233754553955064E+08, -1.630345678635612E+05, -2.546565524903848E+01, -1.668942308892838E+01,  1.161346842878572E-01,  4.944195258690688E+02,  1.482232449434827E+08,  2.220711225287562E-01,
2461065.500000000, A.D. 2026-Jan-25 00:00:00.0000, -8.433761766679198E+07,  1.219142689014426E+08, -1.529115740464404E+05, -2.517540992128912E+01, -1.713349683528699E+01,  1.181768666889305E-01,  4.944849609152920E+02,  1.482428618768294E+08,  2.320400800487022E-01,
2461066.500000000, A.D. 2026-Jan-26 00:00:00.0000, -8.649995611781676E+07,  1.204149344227334E+08, -1.426165787109807E+05, -2.487743998562956E+01, -1.757245643074840E+01,  1.201158573959020E-01,  4.945532819898361E+02,  1.482633440197001E+08,  2.420972496631956E-01,
2461067.500000000, A.D. 2026-Jan-27 00:00:00.0000, -8.863621930777864E+07,  1.188778994926405E+08, -1.321585853997543E+05, -2.457183192793363E+01, -1.800617160312779E+01,  1.219495132830195E-01,  4.946245130669534E+02,  1.482846985593951E+08,  2.522330972955573E-01,
2461068.500000000, A.D. 2026-Jan-28 00:00:00.0000, -9.074575126312648E+07,  1.173036226900775E+08, -1.215468070401102E+05, -2.425867576345710E+01, -1.843451449308727E+01,  1.236753384334790E-01,  4.946986754247101E+02,  1.483069318749180E+08,  2.624381166618021E-01,
2461069.500000000, A.D. 2026-Jan-29 00:00:00.0000, -9.282790383696976E+07,  1.156925737626139E+08, -1.107906858161241E+05, -2.393806603838144E+01, -1.885735707450410E+01,  1.252901578337955E-01,  4.947757880218592E+02,  1.483300496499601E+08,  2.727056119568091E-01,
2461070.500000000, A.D. 2026-Jan-30 00:00:00.0000, -9.488203724989499E+07,  1.140452335508089E+08, -9.989998368595541E+04, -2.361010108431503E+01, -1.927456993221802E+01,  1.267897563094298E-01,  4.948558683714480E+02,  1.483540571348009E+08,  2.830323319828155E-01,
2461071.500000000, A.D. 2026-Jan-31 00:00:00.0000, -9.690752032697485E+07,  1.123620940176000E+08, -8.888488182882965E+04, -2.327488064531537E+01, -1.968602097779742E+01,  1.281689635664662E-01,  4.949389331154603E+02,  1.483789593185814E+08,  2.934178620800009E-01,
2461072.500000000, A.D. 2026-Feb-01 00:00:00.0000, -9.890373055063455E+07,  1.106436588804806E+08, -7.775601724704355E+04, -2.293250482511177E+01, -2.009157635489207E+01,  1.294222126343829E-01,  4.950249996746780E+02,  1.484047614239209E+08,  3.038628525372079E-01,
2461073.500000000, A.D. 2026-Feb-02 00:00:00.0000, -1.008700539245913E+08,  1.088904432565376E+08, -6.652449790596217E+04, -2.258307138933821E+01, -2.049110360350252E+01,  1.305444345761959E-01,  4.951140848441347E+02,  1.484314684858437E+08,  3.143645393894489E-01,
2461074.500000000, A.D. 2026-Feb-03 00:00:00.0000, -1.028058847920898E+08,  1.071029734934464E+08, -5.520183096414804E+04, -2.222667696996885E+01, -2.088447470593182E+01,  1.315314825703426E-01,  4.952062037008981E+02,  1.484590850243409E+08,  3.249150447415912E-01,
2461075.500000000, A.D. 2026-Feb-04 00:00:00.0000, -1.047106260148015E+08,  1.052817868096267E+08, -4.379985212878883E+04, -2.186341929868503E+01, -2.127156816879972E+01,  1.323798448598081E-01,  4.953013688301946E+02,  1.484876148123686E+08,  3.355015055007136E-01,
2461076.500000000, A.D. 2026-Feb-05 00:00:00.0000, -1.065836888927447E+08,  1.034274306737171E+08, -3.233068491555005E+04, -2.149339856665203E+01, -2.165226697759636E+01,  1.330862243398521E-01,  4.953995883919138E+02,  1.485170602962001E+08,  3.461088002303553E-01,
2461077.500000000, A.D. 2026-Feb-06 00:00:00.0000, -1.084244934914288E+08,  1.015404625295614E+08, -2.080674223194271E+04, -2.111671822303433E+01, -2.202645738810439E+01,  1.336470763000595E-01,  4.955008660393946E+02,  1.485474225710788E+08,  3.567212731160364E-01,
2461078.500000000, A.D. 2026-Feb-07 00:00:00.0000, -1.102324690393031E+08,  9.962144950309429E+07, -9.240774341590703E+03, -2.073348439738293E+01, -2.239402781193247E+01,  1.340583865918816E-01,  4.956052010637937E+02,  1.485787014244989E+08,  3.673233562247938E-01,
2461079.500000000, A.D. 2026-Feb-08 00:00:00.0000, -1.120070539945411E+08,  9.767096835533157E+07,  2.354109058365226E+03, -2.034380594332322E+01, -2.275486754571629E+01,  1.343156718460605E-01,  4.957125883594919E+02,  1.486108953258342E+08,  3.779005491586579E-01,
2461080.500000000, A.D. 2026-Feb-09 00:00:00.0000, -1.137476963008409E+08,  9.568960540735979E+07,  1.396439720887691E+04, -1.994779391109437E+01, -2.310886653593157E+01,  1.344140189797081E-01,  4.958230187801755E+02,  1.486440015330890E+08,  3.884392229187304E-01,
2461081.500000000, A.D. 2026-Feb-10 00:00:00.0000, -1.154538536134089E+08,  9.367795639902030E+07,  2.557612507317215E+04, -1.954556101790024E+01, -2.345591519954685E+01,  1.343481673678362E-01,  4.959364792970223E+02,  1.486780161403204E+08,  3.989263297668299E-01,
2461082.500000000, A.D. 2026-Feb-11 00:00:00.0000, -1.171249933809915E+08,  9.163662656364603E+07,  3.717487043439224E+04, -1.913722171786508E+01, -2.379590437430587E+01,  1.341125965220922E-01,  4.960529532505142E+02,  1.487129341531307E+08,  4.093493959222825E-01,
2461083.500000000, A.D. 2026-Feb-12 00:00:00.0000, -1.187605930023669E+08,  8.956623057404591E+07,  4.874573070197925E+04, -1.872289199832121E+01, -2.412872527241076E+01,  1.337016101381607E-01,  4.961724204762519E+02,  1.487487495263851E+08,  4.196963188921060E-01,
2461084.500000000, A.D. 2026-Feb-13 00:00:00.0000, -1.203601399685466E+08,  8.746739241355473E+07,  6.027329185270518E+04, -1.830268917608441E+01, -2.445426954564760E+01,  1.331094074203794E-01,  4.962948572301082E+02,  1.487854551417732E+08,  4.299550878782333E-01,
2461085.500000000, A.D. 2026-Feb-14 00:00:00.0000, -1.219231319631938E+08,  8.534074546025765E+07,  7.174164701296389E+04, -1.787673199187278E+01, -2.477242916537408E+01,  1.323301697626516E-01,  4.964202364091767E+02,  1.488230428740482E+08,  4.401138036202000E-01,
2461086.500000000, A.D. 2026-Feb-15 00:00:00.0000, -1.234490769980430E+08,  8.318693244182016E+07,  8.313439316649362E+04, -1.744514061099400E+01, -2.508309641572089E+01,  1.313581299312556E-01,  4.965485275595571E+02,  1.488615035933604E+08,  4.501605742443848E-01,
2461087.500000000, A.D. 2026-Feb-16 00:00:00.0000, -1.249374934855868E+08,  8.100660528521824E+07,  9.443461903317645E+04, -1.700803622930437E+01, -2.538616398610814E+01,  1.301876459324678E-01,  4.966796964921157E+02,  1.489008270500653E+08,  4.600830327864229E-01,
2461088.500000000, A.D. 2026-Feb-17 00:00:00.0000, -1.263879103979872E+08,  7.880042524169473E+07,  1.056249436808378E+05, -1.656554148079802E+01, -2.568152483556361E+01,  1.288132678581668E-01,  4.968137056209271E+02,  1.489410019761862E+08,  4.698686019114822E-01,
2461089.500000000, A.D. 2026-Feb-18 00:00:00.0000, -1.277998673986259E+08,  7.656906281657840E+07,  1.166875288592502E+05, -1.611778034608760E+01, -2.596907239762307E+01,  1.272297802290883E-01,  4.969505138157331E+02,  1.489820160411816E+08,  4.795041932927459E-01,
2461090.500000000, A.D. 2026-Feb-19 00:00:00.0000, -1.291729147769891E+08,  7.431319763498232E+07,  1.276040883335397E+05, -1.566487756104445E+01, -2.624870032872776E+01,  1.254322899752118E-01,  4.970900755574326E+02,  1.490238555987684E+08,  4.889757037543997E-01,
2461091.500000000, A.D. 2026-Feb-20 00:00:00.0000, -1.305066137582144E+08,  7.203351852594668E+07,  1.383559318281561E+05, -1.520695926680410E+01, -2.652030305061974E+01,  1.234161831248954E-01,  4.972323415033047E+02,  1.490665058563711E+08,  4.982681608687408E-01,
2461092.500000000, A.D. 2026-Feb-21 00:00:00.0000, -1.318005365678934E+08,  6.973072339072892E+07,  1.489239818492495E+05, -1.474415265338918E+01, -2.678377594639666E+01,  1.211771186683261E-01,  4.973772579562738E+02,  1.491099507160114E+08,  5.073652354783915E-01,
2461093.500000000, A.D. 2026-Feb-22 00:00:00.0000, -1.330542662776976E+08,  6.740551918245289E+07,  1.592887998491935E+05, -1.427658591676735E+01, -2.703901484423037E+01,  1.187110417968711E-01,  4.975247658349047E+02,  1.491541724655205E+08,  5.162493171672318E-01,
2461094.500000000, A.D. 2026-Feb-23 00:00:00.0000, -1.342673972177651E+08,  6.505862174603251E+07,  1.694306002357043E+05, -1.380438845714880E+01, -2.728591724076929E+01,  1.160140045488873E-01,  4.976748010581560E+02,  1.491991518938856E+08,  5.249010794759673E-01,
2461095.500000000, A.D. 2026-Feb-24 00:00:00.0000, -1.354395349961869E+08,  6.269075565768088E+07,  1.793292535751946E+05, -1.332769092879598E+01, -2.752438237260300E+01,  1.130820626257023E-01,  4.978272937924401E+02,  1.492448680655237E+08,  5.332994827435684E-01,
2461096.500000000, A.D. 2026-Feb-25 00:00:00.0000, -1.365702964667475E+08,  6.030265429609936E+07,  1.889642964817956E+05, -1.284662642998510E+01, -2.775431110623712E+01,  1.099111485241853E-01,  4.979821678429958E+02,  1.492912981378202E+08,  5.414228596434943E-01,
2461097.500000000, A.D. 2026-Feb-26 00:00:00.0000, -1.376593101840487E+08,  5.789505936855674E+07,  1.983148961679637E+05, -1.236133105858793E+01, -2.797560698810645E+01,  1.064969643159710E-01,  4.981393407489094E+02,  1.493384173896151E+08,  5.492491510370192E-01,
2461098.500000000, A.D. 2026-Feb-27 00:00:00.0000, -1.387062166666846E+08,  5.546872073387384E+07,  2.073598407588899E+05, -1.187194610391364E+01, -2.818817595122731E+01,  1.028352018174168E-01,  4.982987238075016E+02,  1.493861992285140E+08,  5.567582081164482E-01,
2461099.500000000, A.D. 2026-Feb-28 00:00:00.0000, -1.397106690188662E+08,  5.302439652477198E+07,  2.160775834265649E+05, -1.137862211235109E+01, -2.839192544248013E+01,  9.892234861402827E-02,  4.984602236010069E+02,  1.494346156485755E+08,  5.639360706479346E-01,
2461100.500000000, A.D. 2026-Mar-01 00:00:00.0000, -1.406723337955673E+08,  5.056285274048323E+07,  2.244463587833866E+05, -1.088152077876866E+01, -2.858676191078765E+01,  9.475736916891719E-02,  4.986237436624808E+02,  1.494836377297370E+08,  5.707779099721461E-01,
2461101.500000000, A.D. 2026-Mar-02 00:00:00.0000, -1.415908919999463E+08,  4.808486358879270E+07,  2.324444892682843E+05, -1.038081585490127E+01, -2.877258706103211E+01,  9.034373600940171E-02,  4.987891875298475E+02,  1.495332365533959E+08,  5.772900697499156E-01,
2461102.500000000, A.D. 2026-Mar-03 00:00:00.0000, -1.424660402131193E+08,  4.559121220082092E+07,  2.400508450526502E+05, -9.876689626062074E+00, -2.894929627567807E+01,  8.569034281464205E-02,  4.989564625153687E+02,  1.495833843324673E+08,  5.834867441921154E-01,
2461103.500000000, A.D. 2026-Mar-04 00:00:00.0000, -1.432974907585820E+08,  4.308269089030307E+07,  2.472452462090962E+05, -9.369325803365228E+00, -2.911678024817997E+01,  8.081004263760860E-02,  4.991254797354929E+02,  1.496340544203326E+08,  5.893819746393042E-01,
2461104.500000000, A.D. 2026-Mar-05 00:00:00.0000, -1.440849716907212E+08,  4.056010138772106E+07,  2.540086885562614E+05, -8.858905693440406E+00, -2.927493103824389E+01,  7.571675305304737E-02,  4.992961533669677E+02,  1.496852210878282E+08,  5.949835066302501E-01,
2461105.500000000, A.D. 2026-Mar-06 00:00:00.0000, -1.448282267824696E+08,  3.802425449821400E+07,  2.603233372394107E+05, -8.345608730932520E+00, -2.942364816375454E+01,  7.042330909606420E-02,  4.994683992150653E+02,  1.497368590940097E+08,  6.002914796760522E-01,
2461106.500000000, A.D. 2026-Mar-07 00:00:00.0000, -1.455270152667068E+08,  3.547596930959045E+07,  2.661724057127815E+05, -7.829616479471425E+00, -2.956284023948812E+01,  6.494129437509244E-02,  4.996421321306935E+02,  1.497889429118214E+08,  6.053022854565404E-01,
2461107.500000000, A.D. 2026-Mar-08 00:00:00.0000, -1.461811122604467E+08,  3.291607240618628E+07,  2.715400846309215E+05, -7.311115862290865E+00, -2.969242506174268E+01,  5.928194586505775E-02,  4.998172657966803E+02,  1.498414466640261E+08,  6.100123485635915E-01,
2461108.500000000, A.D. 2026-Mar-09 00:00:00.0000, -1.467903094208801E+08,  3.034539708220157E+07,  2.764115634138566E+05, -6.790300794629172E+00, -2.981232873635175E+01,  5.345726009747409E-02,  4.999937134752697E+02,  1.498943443472988E+08,  6.144206298150489E-01,
2461109.500000000, A.D. 2026-Mar-10 00:00:00.0000, -1.473544153846910E+08,  2.776478273588662E+07,  2.807731233157888E+05, -6.267372849573719E+00, -2.992248484384169E+01,  4.748070238986024E-02,  5.001713883738822E+02,  1.499476099418788E+08,  6.185300518011067E-01,
2461110.500000000, A.D. 2026-Mar-11 00:00:00.0000, -1.478732565928692E+08,  2.517507413963599E+07,  2.846122939173207E+05, -5.742540751581595E+00, -3.002283452252365E+01,  4.136761475735717E-02,  5.003502053409588E+02,  1.500012179199708E+08,  6.223475521952988E-01,
2461111.500000000, A.D. 2026-Mar-12 00:00:00.0000, -1.483466777894628E+08,  2.257712082308458E+07,  2.879180122335861E+05, -5.216019684972508E+00, -3.011332678155309E+01,  3.513526528082878E-02,  5.005300817341483E+02,  1.500551435060212E+08,  6.258838470933819E-01,
2461112.500000000, A.D. 2026-Mar-13 00:00:00.0000, -1.487745424024588E+08,  1.997177723227609E+07,  2.906807830642574E+05, -4.688026419069863E+00, -3.019388977807904E+01,  2.880275921065056E-02,  5.007109383645374E+02,  1.501093629597912E+08,  6.291527416445245E-01,
2461113.500000000, A.D. 2026-Mar-14 00:00:00.0000, -1.491567331830813E+08,  1.735990108371912E+07,  2.928928405369986E+05, -4.158794250169620E+00, -3.026454845566142E+01,  2.239085337063784E-02,  5.008927004384975E+02,  1.501638538587148E+08,  6.321704756734493E-01,
2461114.500000000, A.D. 2026-Mar-15 00:00:00.0000, -1.494931528364716E+08,  1.474235006617391E+07,  2.945482702065511E+05, -3.628548096138416E+00, -3.032524970348553E+01,  1.592169875620542E-02,  5.010752984010293E+02,  1.502185953507280E+08,  6.349569280934776E-01,
2461115.500000000, A.D. 2026-Mar-16 00:00:00.0000, -1.497837237363098E+08,  1.211998513224667E+07,  2.956431289415043E+05, -3.097519056221664E+00, -3.037597954539263E+01,  9.418547769895369E-03,  5.012586685457985E+02,  1.502735683371522E+08,  6.375326260401322E-01,
2461116.500000000, A.D. 2026-Mar-17 00:00:00.0000, -1.500283882852173E+08,  9.493668086578378E+06,  2.961755082531963E+05, -2.565939793894250E+00, -3.041673412486694E+01,  2.905408244936680E-03,  5.014427532720903E+02,  1.503287555497275E+08,  6.399194473116627E-01,
2461117.500000000, A.D. 2026-Mar-18 00:00:00.0000, -1.502271089958577E+08,  6.864260597588419E+06,  2.961455979155567E+05, -2.034043055560734E+00, -3.044751980156421E+01, -3.593302200501469E-03,  5.016275013410572E+02,  1.503841416274338E+08,  6.421397373163872E-01,
2461118.500000000, A.D. 2026-Mar-19 00:00:00.0000, -1.503798684438885E+08,  4.232623306989049E+06,  2.955557068403042E+05, -1.502060446813860E+00, -3.046835292839032E+01, -1.005314218823550E-02,  5.018128679185544E+02,  1.504397131293328E+08,  6.442156687011235E-01,
2461119.500000000, A.D. 2026-Mar-20 00:00:00.0000, -1.504866691979230E+08,  1.599615089438799E+06,  2.944102250108770E+05, -9.702217464974950E-01, -3.047925976707800E+01, -1.645010823117943E-02,  5.019988147144471E+02,  1.504954585763307E+08,  6.461690805511481E-01,
2461120.500000000, A.D. 2026-Mar-21 00:00:00.0000, -1.505475334224323E+08, -1.033907885806488E+06,  2.927156104215850E+05, -4.387532011041457E-01, -3.048027523405776E+01, -2.276098647523739E-02,  5.021853091517621E+02,  1.505513682020966E+08,  6.480203255705881E-01,
2461121.500000000, A.D. 2026-Mar-22 00:00:00.0000, -1.505625028030778E+08, -3.667092879493099E+06,  2.904802364938091E+05,  9.212332460657865E-02, -3.047144349577287E+01, -2.896388289953045E-02,  5.023723247803590E+02,  1.506074340770782E+08,  6.497878561975849E-01,
2461122.500000000, A.D. 2026-Mar-23 00:00:00.0000, -1.505316378343664E+08, -6.299091193844783E+06,  2.877143426191544E+05,  6.221909617843938E-01, -3.045281572875649E+01, -3.503854354798897E-02,  5.025598396661756E+02,  1.506636496256087E+08,  6.514879867441925E-01,
2461123.500000000, A.D. 2026-Mar-24 00:00:00.0000, -1.504550175564465E+08, -8.929058982116273E+06,  2.844297993165427E+05,  1.151239432435294E+00, -3.042445052427556E+01, -4.096674454152449E-02,  5.027478364011167E+02,  1.507200096288727E+08,  6.531336634762458E-01,
2461124.500000000, A.D. 2026-Mar-25 00:00:00.0000, -1.503327388798172E+08, -1.155615767569130E+07,  2.806399656017171E+05,  1.679065132541228E+00, -3.038641245206907E+01, -4.673255966972611E-02,  5.029363008035677E+02,  1.507765098353289E+08,  6.547346031954919E-01,
2461125.500000000, A.D. 2026-Mar-26 00:00:00.0000, -1.501649159931935E+08, -1.417955447480265E+07,  2.763594797568927E+05,  2.205471652425878E+00, -3.033877134103583E+01, -5.232255589184476E-02,  5.031252209546035E+02,  1.508331466717737E+08,  6.562969603623358E-01,
2461126.500000000, A.D. 2026-Mar-27 00:00:00.0000, -1.499516796717525E+08, -1.679842292491181E+07,  2.716040094362926E+05,  2.730270687213701E+00, -3.028160141821949E+01, -5.772582619691313E-02,  5.033145860062290E+02,  1.508899168860598E+08,  6.578225731923821E-01,
2461127.500000000, A.D. 2026-Mar-28 00:00:00.0000, -1.496931767382655E+08, -1.941194303224502E+07,  2.663900735540101E+05,  3.253281361354324E+00, -3.021498104688769E+01, -6.293410339708316E-02,  5.035043854118722E+02,  1.509468173164046E+08,  6.593097207805808E-01,
2461128.500000000, A.D. 2026-Mar-29 00:00:00.0000, -1.493895691322520E+08, -2.201930180772298E+07,  2.607347853240548E+05,  3.774331044778694E+00, -3.013899154605888E+01, -6.794149025850160E-02,  5.036946070295901E+02,  1.510038443227449E+08,  6.607523684494985E-01,
2461129.500000000, A.D. 2026-Mar-30 00:00:00.0000, -1.490410335414465E+08, -2.461969339526790E+07,  2.546556752742305E+05,  4.293254695209203E+00, -3.005371798630359E+01, -7.274434271598729E-02,  5.038852369857788E+02,  1.510609937458791E+08,  6.621410195973031E-01,
2461130.500000000, A.D. 2026-Mar-31 00:00:00.0000, -1.486477605186153E+08, -2.721231944593371E+07,  2.481705109056868E+05,  4.809894622395140E+00, -2.995924879812302E+01, -7.734066690593266E-02,  5.040762579725965E+02,  1.511182603970468E+08,  6.634631100762749E-01,
2461131.500000000, A.D. 2026-Apr-01 00:00:00.0000, -1.482099538919643E+08, -2.979638940125965E+07,  2.412971890270114E+05,  5.324099301561144E+00, -2.985567643587549E+01, -8.172933434511975E-02,  5.042676485432313E+02,  1.511756378466554E+08,  6.647045072436348E-01,
2461132.500000000, A.D. 2026-Apr-02 00:00:00.0000, -1.477278305230803E+08, -3.237112098122481E+07,  2.340536988740731E+05,  5.835721711106134E+00, -2.974309872314470E+01, -8.590904050321235E-02,  5.044593837453416E+02,  1.512331186141812E+08,  6.658517181906731E-01,
2461133.500000000, A.D. 2026-Apr-03 00:00:00.0000, -1.472016197416386E+08, -3.493574044732630E+07,  2.264581964627095E+05,  6.344616453735049E+00, -2.962161792242521E+01, -8.987723167473050E-02,  5.046514346425424E+02,  1.512906940247141E+08,  6.668948407771594E-01,
2461134.500000000, A.D. 2026-Apr-04 00:00:00.0000, -1.466315635344914E+08, -3.748948315793444E+07,  2.185291242187805E+05,  6.850637756758074E+00, -2.949133945406641E+01, -9.362976652606037E-02,  5.048437705760599E+02,  1.513483548869851E+08,  6.678294424203536E-01,
2461135.500000000, A.D. 2026-Apr-05 00:00:00.0000, -1.460179165280574E+08, -4.003159357289406E+07,  2.102853222154584E+05,  7.353638711029578E+00, -2.935236809663866E+01, -9.716183813116253E-02,  5.050363603742320E+02,  1.514060918559648E+08,  6.686562846485976E-01,
2461136.500000000, A.D. 2026-Apr-06 00:00:00.0000, -1.453609459776393E+08, -4.256132492597515E+07,  2.017460170653854E+05,  7.853473071815467E+00, -2.920480458539109E+01, -1.004697771142631E-01,  5.052291731973688E+02,  1.514638956861469E+08,  6.693782210788015E-01,
2461137.500000000, A.D. 2026-Apr-07 00:00:00.0000, -1.446609316560532E+08, -4.507793906454092E+07,  1.929306306662839E+05,  8.349999250713573E+00, -2.904874406300350E+01, -1.035527078870544E-01,  5.054221790396332E+02,  1.515217573820077E+08,  6.699953003631171E-01,
2461138.500000000, A.D. 2026-Apr-08 00:00:00.0000, -1.439181652645689E+08, -4.758070581643630E+07,  1.838585240672119E+05,  8.843082573540583E+00, -2.888427721305355E+01, -1.064128915425595E-01,  5.056153471011488E+02,  1.515796677099766E+08,  6.705022787418504E-01,
2461139.500000000, A.D. 2026-Apr-09 00:00:00.0000, -1.431329498177582E+08, -5.006890261986364E+07,  1.745487633094341E+05,  9.332595737154161E+00, -2.871149242662268E+01, -1.090550170110625E-01,  5.058086441463487E+02,  1.516376167062812E+08,  6.708884500784104E-01,
2461140.500000000, A.D. 2026-Apr-10 00:00:00.0000, -1.423055990279376E+08, -5.254181465662367E+07,  1.650199272731543E+05,  9.818418009387750E+00, -2.853047776958134E+01, -1.114851281803855E-01,  5.060020333241088E+02,  1.516955933232325E+08,  6.711389513930844E-01,
2461141.500000000, A.D. 2026-Apr-11 00:00:00.0000, -1.414364368204491E+08, -5.499873472793002E+07,  1.552900513277464E+05,  1.030043337970723E+01, -2.834132208227642E+01, -1.137097040665243E-01,  5.061954731402978E+02,  1.517535851212029E+08,  6.712368741904996E-01,
2461142.500000000, A.D. 2026-Apr-12 00:00:00.0000, -1.405257970333695E+08, -5.743896325379107E+07,  1.453766239309013E+05,  1.077852890821287E+01, -2.814411531894865E+01, -1.157351269601214E-01,  5.063889171225435E+02,  1.518115781681256E+08,  6.711649795699686E-01,
2461143.500000000, A.D. 2026-Apr-13 00:00:00.0000, -1.395740231178832E+08, -5.986180858382129E+07,  1.352965853576660E+05,  1.125259404160748E+01, -2.793894878415507E+01, -1.175674354714715E-01,  5.065823138864654E+02,  1.518695570593510E+08,  6.709065249884949E-01,
2461144.500000000, A.D. 2026-Apr-14 00:00:00.0000, -1.385814679774511E+08, -6.226658702857184E+07,  1.250663707184158E+05,  1.172251990493744E+01, -2.772591491898645E+01, -1.192122469715127E-01,  5.067756073340171E+02,  1.519275049771078E+08,  6.704458682514434E-01,
2461145.500000000, A.D. 2026-Apr-15 00:00:00.0000, -1.375484939964758E+08, -6.465262282192858E+07,  1.147019553915672E+05,  1.218819836509915E+01, -2.750510742989454E+01, -1.206748143219851E-01,  5.069687373121895E+02,  1.519854038879776E+08,  6.697693492314577E-01,
2461146.500000000, A.D. 2026-Apr-16 00:00:00.0000, -1.364754727472525E+08, -6.701924842052267E+07,  1.042188708128706E+05,  1.264952257070071E+01, -2.727662096296203E+01, -1.219600269452741E-01,  5.071616397418478E+02,  1.520432345815190E+08,  6.688647033153653E-01,
2461147.500000000, A.D. 2026-Apr-17 00:00:00.0000, -1.353627849390221E+08, -6.936580449303673E+07,  9.363224033091590E+04,  1.310638644914892E+01, -2.704055086134336E+01, -1.230724795991893E-01,  5.073542470822313E+02,  1.521009768095214E+08,  6.677213569989019E-01,
2461148.500000000, A.D. 2026-Apr-18 00:00:00.0000, -1.342108206308797E+08, -7.169164000553399E+07,  8.295679292728379E+04,  1.355868454700948E+01, -2.679699410215525E+01, -1.240166357886228E-01,  5.075464896799938E+02,  1.521586096904370E+08,  6.663309217707641E-01,
2461149.500000000, A.D. 2026-Apr-19 00:00:00.0000, -1.330199787952893E+08, -7.399611228320417E+07,  7.220688603999093E+04,  1.400631217683872E+01, -2.654604777971500E+01, -1.247967788169433E-01,  5.077382951297524E+02,  1.522161115176779E+08,  6.646863543171583E-01,
2461150.500000000, A.D. 2026-Apr-20 00:00:00.0000, -1.317906674118518E+08, -7.627858703526628E+07,  6.139651221601665E+04,  1.444916527217083E+01, -2.628780955629168E+01, -1.254171359964786E-01,  5.079295891429307E+02,  1.522734600200893E+08,  6.627821700151691E-01,
2461151.500000000, A.D. 2026-Apr-21 00:00:00.0000, -1.305233034744947E+08, -7.853843857037443E+07,  5.053928819548339E+04,  1.488714132993495E+01, -2.602237765348655E+01, -1.258819131990077E-01,  5.081202964389370E+02,  1.523306326291175E+08,  6.606135574934896E-01,
2461152.500000000, A.D. 2026-Apr-22 00:00:00.0000, -1.292183127696459E+08, -8.077504958201165E+07,  3.964847482596338E+04,  1.532013856327759E+01, -2.574985022808297E+01, -1.261953251538532E-01,  5.083103402381152E+02,  1.523876063268009E+08,  6.581766806651791E-01,
2461153.500000000, A.D. 2026-Apr-23 00:00:00.0000, -1.278761298398245E+08, -8.298781117821717E+07,  2.873697145737335E+04,  1.574805630529677E+01, -2.547032548850195E+01, -1.263616151183449E-01,  5.084996426418779E+02,  1.524443577597302E+08,  6.554682618945948E-01,
2461154.500000000, A.D. 2026-Apr-24 00:00:00.0000, -1.264971977849034E+08, -8.517612308930421E+07,  1.781730543696135E+04,  1.617079587134108E+01, -2.518390110671021E+01, -1.263849719110866E-01,  5.086881248597300E+02,  1.525008633071094E+08,  6.524844703183699E-01,
2461155.500000000, A.D. 2026-Apr-25 00:00:00.0000, -1.250819682243972E+08, -8.733939340234008E+07,  6.901645087692887E+03,  1.658825997304367E+01, -2.489067475391052E+01, -1.262695755961083E-01,  5.088757070176807E+02,  1.525570990233183E+08,  6.492215485315513E-01,
2461156.500000000, A.D. 2026-Apr-26 00:00:00.0000, -1.236309011449309E+08, -8.947703861304304E+07, -3.998200498934835E+03,  1.700035314871316E+01, -2.459074401416741E+01, -1.260195350615785E-01,  5.090623081593793E+02,  1.526130406382537E+08,  6.456753339092461E-01,
2461157.500000000, A.D. 2026-Apr-27 00:00:00.0000, -1.221444645939956E+08, -9.158848367250694E+07, -1.487076734875888E+04,  1.740698197264913E+01, -2.428420601453316E+01, -1.256387994507104E-01,  5.092478458216102E+02,  1.526686634300655E+08,  6.418408267885842E-01,
2461158.500000000, A.D. 2026-Apr-28 00:00:00.0000, -1.206231346470488E+08, -9.367316191996799E+07, -2.570492845723033E+04,  1.780805520850864E+01, -2.397115807326279E+01, -1.251311490999552E-01,  5.094322361229118E+02,  1.527239422517241E+08,  6.377123680750945E-01,
2461159.500000000, A.D. 2026-Apr-29 00:00:00.0000, -1.190673952073823E+08, -9.573051512367184E+07, -3.648987768545002E+04,  1.820348406848647E+01, -2.365169799903401E+01, -1.245001439049531E-01,  5.096153935855068E+02,  1.527788514776365E+08,  6.332836208842971E-01,
2461160.500000000, A.D. 2026-Apr-30 00:00:00.0000, -1.174777376615715E+08, -9.775999350542966E+07, -4.721509712792188E+04,  1.859318221576471E+01, -2.332592429804867E+01, -1.237490709806881E-01,  5.097972305590067E+02,  1.528333648308773E+08,  6.285477531603597E-01,
2461161.500000000, A.D. 2026-May-01 00:00:00.0000, -1.158546607703871E+08, -9.976105588380317E+07, -5.787034493333846E+04,  1.897706596695046E+01, -2.299393729212198E+01, -1.228809588921145E-01,  5.099776575335283E+02,  1.528874554770586E+08,  6.234980759917435E-01,
2461162.500000000, A.D. 2026-May-02 00:00:00.0000, -1.141986704516848E+08, -1.017331698949986E+08, -6.844563697996736E+04,  1.935505405356022E+01, -2.265584015058899E+01, -1.218986272265230E-01,  5.101565833741399E+02,  1.529410960946153E+08,  6.181290808026746E-01,
2461163.500000000, A.D. 2026-May-03 00:00:00.0000, -1.125102795333516E+08, -1.036758121718976E+08, -7.893121835928410E+04,  1.972706656520280E+01, -2.231173957856623E+01, -1.208048049120425E-01,  5.103339154479903E+02,  1.529942589129172E+08,  6.124379051078777E-01,
2461164.500000000, A.D. 2026-May-04 00:00:00.0000, -1.107900077364356E+08, -1.055884687617497E+08, -8.931757553780079E+04,  2.009302391834878E+01, -2.196174612057255E+01, -1.196023041048351E-01,  5.105095609132735E+02,  1.530469160986910E+08,  6.064254922411388E-01,
2461165.500000000, A.D. 2026-May-05 00:00:00.0000, -1.090383816975539E+08, -1.074706354423976E+08, -9.959545301058143E+04,  2.045284576762405E+01, -2.160597297151251E+01, -1.182941486764095E-01,  5.106834279246524E+02,  1.530990401173974E+08,  6.000966595035558E-01,
2461166.500000000, A.D. 2026-May-06 00:00:00.0000, -1.072559350378178E+08, -1.093218177245685E+08, -1.097558561310917E+05,  2.080645063675157E+01, -2.124453378894121E+01, -1.168835680578102E-01,  5.108554262206169E+02,  1.531506039093164E+08,  5.934587196598758E-01,
2461167.500000000, A.D. 2026-May-07 00:00:00.0000, -1.054432084257751E+08, -1.111415309175628E+08, -1.197900766375884E+05,  2.115375712969162E+01, -2.087754065562788E+01, -1.153738299330929E-01,  5.110254677813186E+02,  1.532015810867613E+08,  5.865189396112210E-01,
2461168.500000000, A.D. 2026-May-08 00:00:00.0000, -1.036007494922429E+08, -1.129292999562553E+08, -1.296896872190312E+05,  2.149468558762550E+01, -2.050510325685035E+01, -1.137680230364193E-01,  5.111934665107643E+02,  1.532519458388027E+08,  5.792825233124815E-01,
2461169.500000000, A.D. 2026-May-09 00:00:00.0000, -1.017291126593794E+08, -1.146846590800812E+08, -1.394465057397559E+05,  2.182915913090888E+01, -2.012732936035042E+01, -1.120689255293144E-01,  5.113593372857608E+02,  1.533016726461492E+08,  5.717520461693122E-01,
2461170.500000000, A.D. 2026-May-10 00:00:00.0000, -9.982885882395308E+07, -1.164071518452609E+08, -1.490525800523385E+05,  2.215710435121625E+01, -1.974432600954522E+01, -1.102789789751988E-01,  5.115229954504037E+02,  1.533507361295993E+08,  5.639278506205415E-01,
2461171.500000000, A.D. 2026-May-11 00:00:00.0000, -9.790055505194522E+07, -1.180963311027188E+08, -1.585001594482809E+05,  2.247845118876962E+01, -1.935620061445057E+01, -1.084003525732431E-01,  5.116843562807160E+02,  1.533991108895436E+08,  5.558090235657173E-01,
2461172.500000000, A.D. 2026-May-12 00:00:00.0000, -9.594477443934764E+07, -1.197517589338065E+08, -1.677816664147377E+05,  2.279313200577078E+01, -1.896306173951010E+01, -1.064350661228790E-01,  5.118433347133735E+02,  1.534467714246390E+08,  5.473946834440999E-01,
2461173.500000000, A.D. 2026-May-13 00:00:00.0000, -9.396209572848032E+07, -1.213730069347111E+08, -1.768896981763318E+05,  2.310108177905793E+01, -1.856501946214580E+01, -1.043850579055183E-01,  5.119998454736203E+02,  1.534936921701568E+08,  5.386843057791700E-01,
2461174.500000000, A.D. 2026-May-14 00:00:00.0000, -9.195310314515190E+07, -1.229596562812360E+08, -1.858170182525516E+05,  2.340223747889185E+01, -1.816218533793779E+01, -1.022522617641854E-01,  5.121538031739336E+02,  1.535398475275618E+08,  5.296781992755599E-01,
2461175.500000000, A.D. 2026-May-15 00:00:00.0000, -8.991838652310631E+07, -1.245112978581302E+08, -1.945565659464076E+05,  2.369653736333758E+01, -1.775467332771240E+01, -1.000387602748347E-01,  5.123051231613183E+02,  1.535852121185244E+08,  5.203787218834774E-01,
2461176.500000000, A.D. 2026-May-16 00:00:00.0000, -8.785854072259951E+07, -1.260275324315853E+08, -2.031014560014233E+05,  2.398392144008965E+01, -1.734259824479611E+01, -9.774668748130821E-02,  5.124537210838049E+02,  1.536297606549603E+08,  5.107889016571543E-01,
2461177.500000000, A.D. 2026-May-17 00:00:00.0000, -8.577416576538150E+07, -1.275079707248224E+08, -2.114449932386428E+05,  2.426433069265391E+01, -1.692607641400705E+01, -9.537834146080737E-02,  5.125995136684612E+02,  1.536734681722726E+08,  5.009134045966764E-01,
2461178.500000000, A.D. 2026-May-18 00:00:00.0000, -8.366586686471905E+07, -1.289522337834416E+08, -2.195807073255405E+05,  2.453770812759514E+01, -1.650522605568839E+01, -9.293618961301764E-02,  5.127424200517273E+02,  1.537163104281758E+08,  4.907582962217369E-01,
2461179.500000000, A.D. 2026-May-19 00:00:00.0000, -8.153425398485653E+07, -1.303599525710403E+08, -2.275023188045919E+05,  2.480399675006023E+01, -1.608016554796490E+01, -9.042280590842822E-02,  5.128823601103272E+02,  1.537582634023161E+08,  4.803307287165822E-01,
2461180.500000000, A.D. 2026-May-20 00:00:00.0000, -7.937994197517316E+07, -1.317307685360908E+08, -2.352037904285043E+05,  2.506314170079630E+01, -1.565101401526730E+01, -8.784081525154441E-02,  5.130192565595611E+02,  1.537993039253235E+08,  4.696382189304845E-01,
2461181.500000000, A.D. 2026-May-21 00:00:00.0000, -7.720355036587083E+07, -1.330643334098887E+08, -2.426793110353947E+05,  2.531508930150056E+01, -1.521789060869917E+01, -8.519284161499474E-02,  5.131530342793711E+02,  1.538394094767709E+08,  4.586885286829446E-01,
2461182.500000000, A.D. 2026-May-22 00:00:00.0000, -7.500570335583411E+07, -1.343603090961811E+08, -2.499232899948284E+05,  2.555978688977178E+01, -1.478091478856705E+01, -8.248149887285017E-02,  5.132836201932452E+02,  1.538785581488714E+08,  4.474898991746882E-01,
2461183.500000000, A.D. 2026-May-23 00:00:00.0000, -7.278702945796469E+07, -1.356183679347715E+08, -2.569303581654206E+05,  2.579718369770995E+01, -1.434020505031275E+01, -7.970921582618029E-02,  5.134109436429351E+02,  1.539167287588150E+08,  4.360495138782658E-01,
2461184.500000000, A.D. 2026-May-24 00:00:00.0000, -7.054816167905037E+07, -1.368381924213721E+08, -2.636953543524742E+05,  2.602723059290102E+01, -1.389588012663163E+01, -7.687830664636408E-02,  5.135349360648586E+02,  1.539539007517568E+08,  4.243745617338587E-01,
2461185.500000000, A.D. 2026-May-25 00:00:00.0000, -6.828973705909555E+07, -1.380194752977723E+08, -2.702133013639450E+05,  2.624988024202854E+01, -1.344805789989963E+01, -7.399084929842914E-02,  5.136555306817543E+02,  1.539900541083775E+08,  4.124712419692396E-01,
2461186.500000000, A.D. 2026-May-26 00:00:00.0000, -6.601239670499755E+07, -1.391619194899209E+08, -2.764793973665982E+05,  2.646508752278488E+01, -1.299685600187717E+01, -7.104870020632070E-02,  5.137726625459336E+02,  1.540251693578500E+08,  4.003450600162828E-01,
2461187.500000000, A.D. 2026-May-27 00:00:00.0000, -6.371678551578536E+07, -1.402652380649544E+08, -2.824889895959124E+05,  2.667280960821397E+01, -1.254239181297628E+01, -6.805349597992549E-02,  5.138862681498944E+02,  1.540592274611039E+08,  3.880008357143866E-01,
2461188.500000000, A.D. 2026-May-28 00:00:00.0000, -6.140355194331845E+07, -1.413291542191588E+08, -2.882375556790903E+05,  2.687300616719766E+01, -1.208478274227564E+01, -6.500671049449291E-02,  5.139962852105364E+02,  1.540922097461357E+08,  3.754429331509492E-01,
2461189.500000000, A.D. 2026-May-29 00:00:00.0000, -5.907334786447055E+07, -1.423534013558570E+08, -2.937207056764439E+05,  2.706563974876830E+01, -1.162414700004751E+01, -6.190980465896523E-02,  5.141026529006731E+02,  1.541240979774136E+08,  3.626758968186599E-01,
2461190.500000000, A.D. 2026-May-30 00:00:00.0000, -5.672682821791628E+07, -1.433377230921574E+08, -2.989341740889326E+05,  2.725067545121220E+01, -1.116060418588348E+01, -5.876445901460059E-02,  5.142053115771793E+02,  1.541548742743784E+08,  3.497052827749465E-01,
2461191.500000000, A.D. 2026-May-31 00:00:00.0000, -5.436465090017351E+07, -1.442818735502840E+08, -3.038738725812361E+05,  2.742808076434627E+01, -1.069427636401206E+01, -5.557289630498685E-02,  5.143042037722980E+02,  1.541845214086301E+08,  3.365388505012160E-01,
2461192.500000000, A.D. 2026-Jun-01 00:00:00.0000, -5.198747652437177E+07, -1.451856174268554E+08, -3.085359246645421E+05,  2.759782425288101E+01, -1.022528824361793E+01, -5.233810716537457E-02,  5.143992743567475E+02,  1.542130228528257E+08,  3.231873275754379E-01,
2461193.500000000, A.D. 2026-Jun-02 00:00:00.0000, -4.959596842517149E+07, -1.460487303976973E+08, -3.129167600046620E+05,  2.775987471137462E+01, -9.753766769285535E+00, -4.906383751901711E-02,  5.144904720642955E+02,  1.542403632377355E+08,  3.096643153050787E-01,
2461194.500000000, A.D. 2026-Jun-03 00:00:00.0000, -4.719079265618208E+07, -1.468709990371493E+08, -3.170131375907212E+05,  2.791420017005276E+01, -9.279839437128427E+00, -4.575420112080719E-02,  5.145777494611109E+02,  1.542665283430546E+08,  2.959848894024676E-01,
2461195.500000000, A.D. 2026-Jun-04 00:00:00.0000, -4.477261803587817E+07, -1.476522210016679E+08, -3.208221798957139E+05,  2.806076861325826E+01, -8.803632504532759E+00, -4.241309141208127E-02,  5.146610637474115E+02,  1.542915053377312E+08,  2.821634556440081E-01,
2461196.500000000, A.D. 2026-Jun-05 00:00:00.0000, -4.234211815095510E+07, -1.483922041105374E+08, -3.243413093501106E+05,  2.819947880858216E+01, -8.325250619025498E+00, -3.904377230477252E-02,  5.147403757644024E+02,  1.543152824822538E+08,  2.682125092468406E-01,
2461197.500000000, A.D. 2026-Jun-06 00:00:00.0000, -3.989996921425848E+07, -1.490907668397934E+08, -3.275682034565285E+05,  2.833044168000466E+01, -7.844854232950790E+00, -3.564875916383725E-02,  5.148156492102346E+02,  1.543378488936020E+08,  2.541389565791828E-01,
2461198.500000000, A.D. 2026-Jun-07 00:00:00.0000, -3.744684371997092E+07, -1.497477398124524E+08, -3.305007311276123E+05,  2.845356131939841E+01, -7.362544460122090E+00, -3.223000715044622E-02,  5.148868503547804E+02,  1.543591944597378E+08,  2.399531841197974E-01,
2461199.500000000, A.D. 2026-Jun-08 00:00:00.0000, -3.498342038805466E+07, -1.503629628698024E+08, -3.331369136152864E+05,  2.856881421685742E+01, -6.878441263410314E+00, -2.878920321538203E-02,  5.149539478093383E+02,  1.543793097705652E+08,  2.256621133609479E-01,
2461200.500000000, A.D. 2026-Jun-09 00:00:00.0000, -3.251037977716911E+07, -1.509362862738114E+08, -3.354749174948186E+05,  2.867617980074709E+01, -6.392664896455031E+00, -2.532799478431613E-02,  5.150169122490084E+02,  1.543981860347005E+08,  2.112725591402827E-01,
2461201.500000000, A.D. 2026-Jun-10 00:00:00.0000, -3.002840420632511E+07, -1.514675706656493E+08, -3.375130554092526E+05,  2.877563952979213E+01, -5.905336446824965E+00, -2.184818770683528E-02,  5.150757163148020E+02,  1.544158150501252E+08,  1.967920481882855E-01,
2461202.500000000, A.D. 2026-Jun-11 00:00:00.0000, -2.753817743943871E+07, -1.519566872217456E+08, -3.392498070381954E+05,  2.886717697957396E+01, -5.416577899381330E+00, -1.835181675888520E-02,  5.151303350038072E+02,  1.544321893211548E+08,  1.822289627785491E-01,
2461203.500000000, A.D. 2026-Jun-12 00:00:00.0000, -2.504038461159458E+07, -1.524035176788030E+08, -3.406838386678398E+05,  2.895077723906727E+01, -4.926512225488641E+00, -1.484120504538766E-02,  5.151807458281129E+02,  1.544473021060832E+08,  1.675927775169605E-01,
2461204.500000000, A.D. 2026-Jun-13 00:00:00.0000, -2.253571210382492E+07, -1.528079544528183E+08, -3.418140315839797E+05,  2.902642676944287E+01, -4.435263471577457E+00, -1.131897697048623E-02,  5.152269292411079E+02,  1.544611475449838E+08,  1.528941797509896E-01,
2461205.500000000, A.D. 2026-Jun-14 00:00:00.0000, -2.002484740081681E+07, -1.531699007329243E+08, -3.426395064728931E+05,  2.909411338001062E+01, -3.942956506382810E+00, -7.788016286867094E-03,  5.152688689758236E+02,  1.544737207611421E+08,  1.381448207308475E-01,
2461206.500000000, A.D. 2026-Jun-15 00:00:00.0000, -1.750847897664295E+07, -1.534892704853529E+08, -3.431596393637434E+05,  2.915382582366121E+01, -3.449716645331895E+00, -4.251408247492483E-03,  5.153065521011679E+02,  1.544850178779142E+08,  1.233569696555933E-01,
2461207.500000000, A.D. 2026-Jun-16 00:00:00.0000, -1.498729625388438E+07, -1.537659885277106E+08, -3.433740802953243E+05,  2.920555384013118E+01, -2.955669632673416E+00, -7.123729590055028E-04,  5.153399693267526E+02,  1.544950361101117E+08,  1.085434212074241E-01,
2461208.500000000, A.D. 2026-Jun-17 00:00:00.0000, -1.246198948739722E+07, -1.539999905708191E+08, -3.432827606842592E+05,  2.924928832633009E+01, -2.460941145828879E+00,  2.825854243269976E-03,  5.153691151489695E+02,  1.545037738077946E+08,  9.371693126006955E-02,
2461209.500000000, A.D. 2026-Jun-18 00:00:00.0000, -9.933249677168831E+06, -1.541912231454879E+08, -3.428858872646168E+05,  2.928502113751683E+01, -1.965656478433439E+00,  6.360114884906509E-03,  5.153939876121323E+02,  1.545112303846627E+08,  7.888985874619903E-02,
2461210.500000000, A.D. 2026-Jun-19 00:00:00.0000, -7.401768477252157E+06, -1.543396435875021E+08, -3.421839332344756E+05,  2.931274533851323E+01, -1.469940299626591E+00,  9.887421863657986E-03,  5.154145882425581E+02,  1.545174062982944E+08,  6.407384404920069E-02,
2461211.500000000, A.D. 2026-Jun-20 00:00:00.0000, -4.868238095850005E+06, -1.544452199703546E+08, -3.411776206440032E+05,  2.933245537158213E+01, -9.739164720722078E-01,  1.340502924178238E-02,  5.154309217905691E+02,  1.545223029728005E+08,  4.927957605282800E-02,
2461212.500000000, A.D. 2026-Jun-21 00:00:00.0000, -2.333351123252243E+06, -1.545079310308354E+08, -3.398678948571086E+05,  2.934414716667011E+01, -4.777078087482186E-01,  1.691048343620080E-02,  5.154429959310000E+02,  1.545259227090385E+08,  3.451653283034573E-02,
2461213.500000000, A.D. 2026-Jun-22 00:00:00.0000,  2.021995526200531E+05, -1.545277660675155E+08, -3.382559006731138E+05,  2.934781840444321E+01,  1.856371011121822E-02,  2.040162332736669E-02,  5.154508208840010E+02,  1.545282685709324E+08,  1.979318190227251E-02,
2461214.500000000, A.D. 2026-Jun-23 00:00:00.0000,  2.737720903909398E+06, -1.545047248988054E+08, -3.363429601569548E+05,  2.934346886370780E+01,  5.147769573962058E-01,  2.387657649530378E-02,  5.154544092227744E+02,  1.545293443278334E+08,  5.116990560370156E-03,
2461215.500000000, A.D. 2026-Jun-24 00:00:00.0000,  5.272520021675330E+06, -1.544388177598775E+08, -3.341305427206680E+05,  2.933110046762606E+01,  1.010811472844142E+00,  2.733368957881543E-02,  5.154537754983944E+02,  1.545291543420438E+08, -9.505309193132210E-03,
2461216.500000000, A.D. 2026-Jun-25 00:00:00.0000,  7.805904252858032E+06, -1.543300652848318E+08, -3.316202566128969E+05,  2.931071770919364E+01,  1.506546914578595E+00,  3.077139849905453E-02,  5.154489361725410E+02,  1.545277035486512E+08, -2.406708955560368E-02,
2461217.500000000, A.D. 2026-Jun-26 00:00:00.0000,  1.033718143276336E+07, -1.541784985487047E+08, -3.288138525228947E+05,  2.928232776979724E+01,  2.001862381426321E+00,  3.418800908234221E-02,  5.154399097753553E+02,  1.545249975028520E+08, -3.856102848519466E-02,
2461218.500000000, A.D. 2026-Jun-27 00:00:00.0000,  1.286566015837958E+07, -1.539841590756914E+08, -3.257132357424796E+05,  2.924594019985917E+01,  2.496635610280586E+00,  3.758141444497276E-02,  5.154267169970093E+02,  1.545210424074038E+08, -5.297820918345168E-02,
2461219.500000000, A.D. 2026-Jun-28 00:00:00.0000,  1.539064989943460E+07, -1.537470991117921E+08, -3.223205317355171E+05,  2.920156643616813E+01,  2.990742121695805E+00,  4.094881903648262E-02,  5.154093816513226E+02,  1.545158454015101E+08, -6.730726215252353E-02,
2461220.500000000, A.D. 2026-Jun-29 00:00:00.0000,  1.791146118059674E+07, -1.534673816810193E+08, -3.186381297469661E+05,  2.914921845577717E+01,  3.484055339458624E+00,  4.428668867706809E-02,  5.153879309346307E+02,  1.545094146384272E+08, -8.153462505981761E-02,
2461221.500000000, A.D. 2026-Jun-30 00:00:00.0000,  2.042740553050773E+07, -1.531450808751197E+08, -3.146687576094642E+05,  2.908890795739377E+01,  3.976447468495367E+00,  4.759101878341676E-02,  5.153623963657807E+02,  1.545017595672677E+08, -9.564567627731217E-02,
2461222.500000000, A.D. 2026-Jul-01 00:00:00.0000,  2.293779547001003E+07, -1.527802817485336E+08, -3.104154812957346E+05,  2.902064592781230E+01,  4.467791358214481E+00,  5.085788203593156E-02,  5.153328133664078E+02,  1.544928908071706E+08, -1.096268494127849E-01,
2461223.500000000, A.D. 2026-Jul-02 00:00:00.0000,  2.544194446718236E+07, -1.523730803195806E+08, -3.058816911638901E+05,  2.894444362019192E+01,  4.957961996026305E+00,  5.408394491557011E-02,  5.152992211237594E+02,  1.544828201061774E+08, -1.234671758254870E-01,
2461224.500000000, A.D. 2026-Jul-03 00:00:00.0000,  2.793916700239428E+07, -1.519235832278841E+08, -3.010710248020813E+05,  2.886031356443733E+01,  5.446837064757514E+00,  5.726665515667206E-02,  5.152616613284772E+02,  1.544715599628277E+08, -1.371587433556458E-01,
2461225.500000000, A.D. 2026-Jul-04 00:00:00.0000,  3.042877876867074E+07, -1.514319076451191E+08, -2.959873156579211E+05,  2.876827086257983E+01,  5.934296547981535E+00,  6.040414512427583E-02,  5.152201778239070E+02,  1.544591235210261E+08, -1.506960255128710E-01,
2461226.500000000, A.D. 2026-Jul-05 00:00:00.0000,  3.291009682255555E+07, -1.508981809718660E+08, -2.906345341952816E+05,  2.866833319343420E+01,  6.420221722425470E+00,  6.349491904455284E-02,  5.151748155500353E+02,  1.544455242534417E+08, -1.640747580842676E-01,
2461227.500000000, A.D. 2026-Jul-06 00:00:00.0000,  3.538243997140080E+07, -1.503225409177925E+08, -2.850167774890214E+05,  2.856052127059409E+01,  6.904494502316556E+00,  6.653762244660300E-02,  5.151256209409344E+02,  1.544307760806590E+08, -1.772910359323345E-01,
2461228.500000000, A.D. 2026-Jul-07 00:00:00.0000,  3.784512876994986E+07, -1.497051353258982E+08, -2.791382599962652E+05,  2.844485788997499E+01,  7.386996492753968E+00,  6.953079577142374E-02,  5.150726412539764E+02,  1.544148931700818E+08, -1.903405041611795E-01,
2461229.500000000, A.D. 2026-Jul-08 00:00:00.0000,  4.029748601212893E+07, -1.490461223267139E+08, -2.730033276821896E+05,  2.832136831556285E+01,  7.867609190652839E+00,  7.247284222595951E-02,  5.150159253656878E+02,  1.543978901745241E+08, -2.032183444974793E-01,
2461230.500000000, A.D. 2026-Jul-09 00:00:00.0000,  4.273883659784935E+07, -1.483456703134927E+08, -2.666164787008315E+05,  2.819007938623429E+01,  8.346213176327177E+00,  7.536190959514411E-02,  5.149555235208869E+02,  1.543797821570035E+08, -2.159187162601097E-01,
2461231.500000000, A.D. 2026-Jul-10 00:00:00.0000,  4.516850791227984E+07, -1.476039579917802E+08, -2.599823750620410E+05,  2.805101961719692E+01,  8.822688731523188E+00,  7.819595142612101E-02,  5.148914877378696E+02,  1.543605847122128E+08, -2.284352900731581E-01,
2461232.500000000, A.D. 2026-Jul-11 00:00:00.0000,  4.758582985289838E+07, -1.468211744579723E+08, -2.531058670164868E+05,  2.790421895940567E+01,  9.296915553519943E+00,  8.097271912585358E-02,  5.148238720170035E+02,  1.543403140290549E+08, -2.407610722327063E-01,
2461233.500000000, A.D. 2026-Jul-12 00:00:00.0000,  4.999013490673450E+07, -1.459975192501980E+08, -2.459920100415498E+05,  2.774970865393568E+01,  9.768772759265593E+00,  8.368979079299432E-02,  5.147527324738782E+02,  1.543189869305604E+08, -2.528884976174916E-01,
2461234.500000000, A.D. 2026-Jul-13 00:00:00.0000,  5.238075837227245E+07, -1.451332022203884E+08, -2.386460618621036E+05,  2.758752068418508E+01,  1.023813962364731E+01,  8.634464497397287E-02,  5.146781270500653E+02,  1.542966207871754E+08, -2.648103303367447E-01,
2461235.500000000, A.D. 2026-Jul-14 00:00:00.0000,  5.475703836897086E+07, -1.442284439181694E+08, -2.310735187670141E+05,  2.741768914724218E+01,  1.070489530794049E+01,  8.893474282626146E-02,  5.146001166077278E+02,  1.542732338449173E+08, -2.765190392907856E-01,
2461236.500000000, A.D. 2026-Jul-15 00:00:00.0000,  5.711831590117612E+07, -1.432834750228898E+08, -2.232800803496689E+05,  2.724024802430668E+01,  1.116891927622803E+01,  9.145750092902105E-02,  5.145187630553137E+02,  1.542488446634720E+08, -2.880079588565677E-01,
2461237.500000000, A.D. 2026-Jul-16 00:00:00.0000,  5.946393508967860E+07, -1.422985367666485E+08, -2.152716721652076E+05,  2.705523315977592E+01,  1.163009206940226E+01,  9.391046948729542E-02,  5.144341307815031E+02,  1.542234725460802E+08, -2.992713819118565E-01,
2461238.500000000, A.D. 2026-Jul-17 00:00:00.0000,  6.179324315919463E+07, -1.412738806424272E+08, -2.070544273973107E+05,  2.686268146282973E+01,  1.208829516004081E+01,  9.629130084058168E-02,  5.143462855525116E+02,  1.541971372089573E+08, -3.103047078281724E-01,
2461239.500000000, A.D. 2026-Jul-18 00:00:00.0000,  6.410559047276498E+07, -1.402097682974225E+08, -1.986346796122417E+05,  2.666263111099028E+01,  1.254341093920268E+01,  9.859775627626632E-02,  5.142552940249607E+02,  1.541698586352556E+08, -3.211043707853841E-01,
2461240.500000000, A.D. 2026-Jul-19 00:00:00.0000,  6.640033097045122E+07, -1.391064714672651E+08, -1.900189366866723E+05,  2.645512151661303E+01,  1.299532385051655E+01,  1.008277756840421E-01,  5.141612239450529E+02,  1.541416571347759E+08, -3.316688167894964E-01,
2461241.500000000, A.D. 2026-Jul-20 00:00:00.0000,  6.867682186742710E+07, -1.379642718723355E+08, -1.812138955909461E+05,  2.624019415125887E+01,  1.344391922922843E+01,  1.029793921592521E-01,  5.140641432325141E+02,  1.541125530693395E+08, -3.419971204512309E-01,
2461242.500000000, A.D. 2026-Jul-21 00:00:00.0000,  7.093442412020002E+07, -1.367834610360493E+08, -1.722264111010730E+05,  2.601789215972502E+01,  1.388908403194425E+01,  1.050507292951153E-01,  5.139641198967852E+02,  1.540825668276639E+08, -3.520896683209274E-01,
2461243.500000000, A.D. 2026-Jul-22 00:00:00.0000,  7.317250254373395E+07, -1.355643401656078E+08, -1.630634940373525E+05,  2.578826076051537E+01,  1.433070646176640E+01,  1.070399370514670E-01,  5.138612217090254E+02,  1.540517187270317E+08, -3.619475606372614E-01,
2461244.500000000, A.D. 2026-Jul-23 00:00:00.0000,  7.539042588631278E+07, -1.343072201656311E+08, -1.537323278039098E+05,  2.555134793504167E+01,  1.476867549250343E+01,  1.089451234957579E-01,  5.137555162054997E+02,  1.540200290143056E+08, -3.715717812025025E-01,
2461245.500000000, A.D. 2026-Jul-24 00:00:00.0000,  7.758756720773979E+07, -1.330124214661611E+08, -1.442402572378442E+05,  2.530720429155971E+01,  1.520288023709997E+01,  1.107642430046978E-01,  5.136470706469546E+02,  1.539875178537502E+08, -3.809625433662900E-01,
2461246.500000000, A.D. 2026-Jul-25 00:00:00.0000,  7.976330407467002E+07, -1.316802740839700E+08, -1.345948110851124E+05,  2.505588325166785E+01,  1.563320893712156E+01,  1.124949866009848E-01,  5.135359524261977E+02,  1.539542054492208E+08, -3.901182436435702E-01,
2461247.500000000, A.D. 2026-Jul-26 00:00:00.0000,  8.191701874096219E+07, -1.303111178518991E+08, -1.248037432869822E+05,  2.479744070955386E+01,  1.605954780441730E+01,  1.141346855762500E-01,  5.134222299295840E+02,  1.539201123024312E+08, -3.990346340998276E-01,
2461248.500000000, A.D. 2026-Jul-27 00:00:00.0000,  8.404809837122545E+07, -1.289053024948450E+08, -1.148750486079305E+05,  2.453193372111449E+01,  1.648178060007414E+01,  1.156803044704073E-01,  5.133059730176402E+02,  1.538852593570400E+08, -4.077052234915038E-01,
2461249.500000000, A.D. 2026-Jul-28 00:00:00.0000,  8.615593506413606E+07, -1.274631878154668E+08, -1.048169909186140E+05,  2.425941905690149E+01,  1.689978929466752E+01,  1.171285520867782E-01,  5.131872534387708E+02,  1.538496681226780E+08, -4.161228411574006E-01,
2461250.500000000, A.D. 2026-Jul-29 00:00:00.0000,  8.823992577473524E+07, -1.259851439388324E+08, -9.463813312036544E+04,  2.397995255302215E+01,  1.731345588312028E+01,  1.184760935313252E-01,  5.130661451358362E+02,  1.538133607668571E+08, -4.242818061066546E-01,
2461251.500000000, A.D. 2026-Jul-30 00:00:00.0000,  9.029947224142343E+07, -1.244715510446917E+08, -8.434731617398560E+04,  2.369358913740818E+01,  1.772266466797621E+01,  1.197197216052892E-01,  5.129427230619222E+02,  1.537763597599469E+08, -4.321799748402742E-01,
2461252.500000000, A.D. 2026-Jul-31 00:00:00.0000,  9.233398092395648E+07, -1.229227991075519E+08, -7.395364612966031E+04,  2.340038391070591E+01,  1.812730341959867E+01,  1.208563966612850E-01,  5.128170620224054E+02,  1.537386875280353E+08, -4.398191102252509E-01,
2461253.500000000, A.D. 2026-Aug-01 00:00:00.0000,  9.434286316621265E+07, -1.213392877418664E+08, -6.346649339441955E+04,  2.310039387711218E+01,  1.852726350944220E+01,  1.218832069867490E-01,  5.126892362445288E+02,  1.537003663238900E+08, -4.472038457116280E-01,
2461254.500000000, A.D. 2026-Aug-02 00:00:00.0000,  9.632553530749483E+07, -1.197214257831477E+08, -5.289547668708861E+04,  2.279367828268154E+01,  1.892243885587944E+01,  1.227972165966333E-01,  5.125593181860427E+02,  1.536614178697979E+08, -4.543404147856074E-01,
2461255.500000000, A.D. 2026-Aug-03 00:00:00.0000,  9.828141884543954E+07, -1.180696311348510E+08, -4.225047237199545E+04,  2.248029880798258E+01,  1.931272467134320E+01,  1.235953480234153E-01,  5.124273782121583E+02,  1.536218632607186E+08, -4.612353716738952E-01,
2461256.500000000, A.D. 2026-Aug-04 00:00:00.0000,  1.002099408486788E+08, -1.163843307615840E+08, -3.154163036295027E+04,  2.216031979969290E+01,  1.969801705673779E+01,  1.242743750279480E-01,  5.122934852244618E+02,  1.535817231528281E+08, -4.678949715166113E-01,
2461257.500000000, A.D. 2026-Aug-05 00:00:00.0000,  1.021105339744637E+08, -1.146659605853526E+08, -2.077938814707100E+04,  2.183380758964269E+01,  2.007821198160388E+01,  1.248308530695912E-01,  5.121577062420350E+02,  1.535410176379416E+08, -4.743247573968321E-01,
2461258.500000000, A.D. 2026-Aug-06 00:00:00.0000,  1.039826366059525E+08, -1.129149655658626E+08, -9.974494844473898E+03,  2.150083035670421E+01,  2.045320477016577E+01,  1.252611187121682E-01,  5.120201066941953E+02,  1.534997663312750E+08, -4.805292790126756E-01,
2461259.500000000, A.D. 2026-Aug-07 00:00:00.0000,  1.058256932450266E+08, -1.111317996470351E+08,  8.619873959049582E+02,  2.116145786031312E+01,  2.082289074937203E+01,  1.255613770396096E-01,  5.118807509564280E+02,  1.534579885321134E+08, -4.865127398715549E-01,
2461260.500000000, A.D. 2026-Aug-08 00:00:00.0000,  1.076391544024623E+08, -1.093169258886826E+08,  1.171865574707091E+04,  2.081576122026959E+01,  2.118716437718806E+01,  1.257276676555303E-01,  5.117397022188374E+02,  1.534157031843733E+08, -4.922786070275906E-01,
2461261.500000000, A.D. 2026-Aug-09 00:00:00.0000,  1.094224767563878E+08, -1.074708165976139E+08,  2.258375222548842E+04,  2.046381312931139E+01,  2.154591927697999E+01,  1.257559151445706E-01,  5.115970228939157E+02,  1.533729289988492E+08, -4.978295909985226E-01,
2461262.500000000, A.D. 2026-Aug-10 00:00:00.0000,  1.111751233568390E+08, -1.055939530775209E+08,  3.344517948162556E+04,  2.010568668716516E+01,  2.189904895733922E+01,  1.256419617965108E-01,  5.114527742250028E+02,  1.533296843358326E+08, -5.031690284910950E-01,
2461263.500000000, A.D. 2026-Aug-11 00:00:00.0000,  1.128965636025628E+08, -1.036868259932882E+08,  4.429046776875854E+04,  1.974145636140588E+01,  2.224644623678656E+01,  1.253815794979118E-01,  5.113070167871110E+02,  1.532859873552553E+08, -5.082999714818727E-01,
2461264.500000000, A.D. 2026-Aug-12 00:00:00.0000,  1.145862734282514E+08, -1.017499353415535E+08,  5.510677857335657E+04,  1.937119772456245E+01,  2.258800399663927E+01,  1.249705143656570E-01,  5.111598105032676E+02,  1.532418560215888E+08, -5.132259708458508E-01,
2461265.500000000, A.D. 2026-Aug-13 00:00:00.0000,  1.162437351547997E+08, -9.978379021784389E+07,  6.588090500402451E+04,  1.899498633439826E+01,  2.292361461699731E+01,  1.244043688536465E-01,  5.110112133708438E+02,  1.531973077220077E+08, -5.179516308727133E-01,
2461266.500000000, A.D. 2026-Aug-14 00:00:00.0000,  1.178684377939025E+08, -9.778890909347455E+07,  7.659925740016997E+04,  1.861289884018744E+01,  2.325317110426327E+01,  1.236787055622486E-01,  5.108612824226132E+02,  1.531523595545074E+08, -5.224826615583121E-01,
2461267.500000000, A.D. 2026-Aug-15 00:00:00.0000,  1.194598770659832E+08, -9.576581965352368E+07,  8.724786212830991E+04,  1.822501232130743E+01,  2.357656712286698E+01,  1.227889718004498E-01,  5.107100729785966E+02,  1.531070281036128E+08, -5.268264405105721E-01,
2461268.500000000, A.D. 2026-Aug-16 00:00:00.0000,  1.210175551876984E+08, -9.371505877877499E+07,  9.781233172806352E+04,  1.783140458012728E+01,  2.389369629638875E+01,  1.217304035314761E-01,  5.105576375859817E+02,  1.530613291225746E+08, -5.309914577368002E-01,
2461269.500000000, A.D. 2026-Aug-17 00:00:00.0000,  1.225409812403888E+08, -9.163717247294575E+07,  1.082778681108765E+05,  1.743215394766323E+01,  2.420445328978797E+01,  1.204980509447822E-01,  5.104040263207890E+02,  1.530152776238060E+08, -5.349881714339787E-01,
2461270.500000000, A.D. 2026-Aug-18 00:00:00.0000,  1.240296711443145E+08, -8.953271577417184E+07,  1.186292409113720E+05,  1.702733940051061E+01,  2.450873348120801E+01,  1.190867066087549E-01,  5.102492860471210E+02,  1.529688876568115E+08, -5.388287549640769E-01,
2461271.500000000, A.D. 2026-Aug-19 00:00:00.0000,  1.254831475777195E+08, -8.740225283753838E+07,  1.288507409668900E+05,  1.661704120358679E+01,  2.480643287234712E+01,  1.174908802931398E-01,  5.100934598298278E+02,  1.529221721321083E+08, -5.425265957700651E-01,
2461272.500000000, A.D. 2026-Aug-20 00:00:00.0000,  1.269009402659586E+08, -8.524635669200677E+07,  1.389261829455756E+05,  1.620134067088165E+01,  2.509744828211558E+01,  1.157047814182306E-01,  5.099365866892479E+02,  1.528751427476997E+08, -5.460965575454537E-01,
2461273.500000000, A.D. 2026-Aug-21 00:00:00.0000,  1.282825860474206E+08, -8.306560921932384E+07,  1.488388739204779E+05,  1.578032087819223E+01,  2.538167724692914E+01,  1.137223640074563E-01,  5.097787012186500E+02,  1.528278098743867E+08, -5.495543407462934E-01,
2461274.500000000, A.D. 2026-Aug-22 00:00:00.0000,  1.296276289969371E+08, -8.086060123336169E+07,  1.585715788645633E+05,  1.535406767918642E+01,  2.565901784029101E+01,  1.115374947547085E-01,  5.096198335226650E+02,  1.527801825373105E+08, -5.529155210609191E-01,
2461275.500000000, A.D. 2026-Aug-23 00:00:00.0000,  1.309356207914994E+08, -7.863193227482720E+07,  1.681065502880774E+05,  1.492267067784895E+01,  2.592936812672432E+01,  1.091443002174000E-01,  5.094600093227496E+02,  1.527322684475700E+08, -5.561943287430564E-01,
2461276.500000000, A.D. 2026-Aug-24 00:00:00.0000,  1.322061210698394E+08, -7.638021069917445E+07,  1.774255690017976E+05,  1.448622471417144E+01,  2.619262498433873E+01,  1.065377964850018E-01,  5.092992506202339E+02,  1.526840742009979E+08, -5.594017226708580E-01,
2461277.500000000, A.D. 2026-Aug-25 00:00:00.0000,  1.334386979313309E+08, -7.410605401414697E+07,  1.865100450377166E+05,  1.404483120689678E+01,  2.644868191674200E+01,  1.037147631552173E-01,  5.091375771662279E+02,  1.526356057188281E+08, -5.625431730815772E-01,
2461278.500000000, A.D. 2026-Aug-26 00:00:00.0000,  1.346329285082536E+08, -7.181008906544060E+07,  1.953412175998054E+05,  1.359859756760171E+01,  2.669742691965825E+01,  1.006743877908569E-01,  5.089750078480951E+02,  1.525868686633497E+08, -5.656182978644193E-01,
2461279.500000000, A.D. 2026-Aug-27 00:00:00.0000,  1.357883993975931E+08, -6.949295265115939E+07,  2.039003622290231E+05,  1.314763504123822E+01,  2.693874116354961E+01,  9.741821313734889E-02,  5.088115622957825E+02,  1.525378689194728E+08, -5.686226184514858E-01,
2461280.500000000, A.D. 2026-Aug-28 00:00:00.0000,  1.369047068508485E+08, -6.715529223475105E+07,  2.121689517447948E+05,  1.269205442765461E+01,  2.717249840454638E+01,  9.394906779025725E-02,  5.086472617311114E+02,  1.524886128493392E+08, -5.715518401589124E-01,
2461281.500000000, A.D. 2026-Aug-29 00:00:00.0000,  1.379814566555857E+08, -6.479776602040973E+07,  2.201287016820237E+05,  1.223196799128009E+01,  2.739857654859633E+01,  9.026948625586328E-02,  5.084821277270577E+02,  1.524391069203646E+08, -5.744058867245686E-01,
2461282.500000000, A.D. 2026-Aug-30 00:00:00.0000,  1.390182642495551E+08, -6.242104295591815E+07,  2.277614988519438E+05,  1.176748376874352E+01,  2.761685031626955E+01,  8.638082469196462E-02,  5.083161814651605E+02,  1.523893574826145E+08, -5.771909469952157E-01,
2461283.500000000, A.D. 2026-Aug-31 00:00:00.0000,  1.400147543802588E+08, -6.002580249908281E+07,  2.350492951164506E+05,  1.129871202957762E+01,  2.782720051718622E+01,  8.228336044002482E-02,  5.081494412367242E+02,  1.523393700196841E+08, -5.799177983677012E-01,
2461284.500000000, A.D. 2026-Sep-01 00:00:00.0000,  1.409705614772356E+08, -5.761273422846301E+07,  2.419740489858985E+05,  1.082576717731816E+01,  2.802951208355764E+01,  7.797715129509086E-02,  5.079819219115816E+02,  1.522891489894371E+08, -5.825988585323070E-01,
2461285.500000000, A.D. 2026-Sep-02 00:00:00.0000,  1.418853302183244E+08, -5.518253753267586E+07,  2.485177583333030E+05,  1.034876971768516E+01,  2.822367323338542E+01,  7.346303175453528E-02,  5.078136352189372E+02,  1.522386979082005E+08, -5.852456906184871E-01,
2461286.500000000, A.D. 2026-Sep-03 00:00:00.0000,  1.427587158608928E+08, -5.273592140352589E+07,  2.546625383413620E+05,  9.867847292798141E+00,  2.840957351579709E+01,  6.874325896815314E-02,  5.076445895241297E+02,  1.521880192838399E+08, -5.878670495463481E-01,
2461287.500000000, A.D. 2026-Sep-04 00:00:00.0000,  1.435903850681091E+08, -5.027360430179252E+07,  2.603907868188210E+05,  9.383135130046492E+00,  2.858710373851363E+01,  6.382203245688878E-02,  5.074747912894480E+02,  1.521371150537006E+08, -5.904682517076393E-01,
2461288.500000000, A.D. 2026-Sep-05 00:00:00.0000,  1.443800165706347E+08, -4.779631403260285E+07,  2.656853677811697E+05,  8.894776096177369E+00,  2.875615582730588E+01,  5.870573692915926E-02,  5.073042460977364E+02,  1.520859868914773E+08, -5.930509360027542E-01,
2461289.500000000, A.D. 2026-Sep-06 00:00:00.0000,  1.451273017074646E+08, -4.530478783465931E+07,  2.705297667160928E+05,  8.402921409321879E+00,  2.891662269214080E+01,  5.340301872352349E-02,  5.071329595445609E+02,  1.520346364746785E+08, -5.956122917848926E-01,
2461290.500000000, A.D. 2026-Sep-07 00:00:00.0000,  1.458319452575767E+08, -4.279977193322278E+07,  2.749083506374825E+05,  7.907729459108731E+00,  2.906839925868943E+01,  4.792484161742649E-02,  5.069609385072298E+02,  1.519830658650693E+08, -5.981463374665921E-01,
2461291.500000000, A.D. 2026-Sep-08 00:00:00.0000,  1.464936660339907E+08, -4.028202166366731E+07,  2.788065071725491E+05,  7.409366851053428E+00,  2.921138300468356E+01,  4.228441883314282E-02,  5.067881922978891E+02,  1.519312778543608E+08, -6.006430152924718E-01,
2461292.500000000, A.D. 2026-Sep-09 00:00:00.0000,  1.471121975478937E+08, -3.775230104782596E+07,  2.822108638584986E+05,  6.908007503105021E+00,  2.934547479615979E+01,  3.649707580036932E-02,  5.066147335127567E+02,  1.518792762188043E+08, -6.030890905329813E-01,
2461293.500000000, A.D. 2026-Sep-10 00:00:00.0000,  1.476872886149829E+08, -3.521138245354918E+07,  2.851094650027771E+05,  6.403832212909037E+00,  2.947057968770576E+01,  3.058003917882068E-02,  5.064405788586661E+02,  1.518270659669823E+08, -6.054685770135674E-01,
2461294.500000000, A.D. 2026-Sep-11 00:00:00.0000,  1.482187040555026E+08, -3.266004626459774E+07,  2.874919028100278E+05,  5.897028429613951E+00,  2.958660842627138E+01,  2.455221805416130E-02,  5.062657503516501E+02,  1.517746536991355E+08, -6.077630723354680E-01,
2461295.500000000, A.D. 2026-Sep-12 00:00:00.0000,  1.487062249974582E+08, -3.009908034267680E+07,  2.893494777263124E+05,  5.387789423879879E+00,  2.969347725261792E+01,  1.843381816046552E-02,  5.060902751353406E+02,  1.517220475527200E+08, -6.099522043806583E-01,
2461296.500000000, A.D. 2026-Sep-13 00:00:00.0000,  1.491496496191206E+08, -2.752927940338699E+07,  2.906752694588825E+05,  4.876313214829075E+00,  2.979110999480010E+01,  1.224607140867739E-02,  5.059141867758910E+02,  1.516692575906155E+08, -6.120147563422873E-01,
2461297.500000000, A.D. 2026-Sep-14 00:00:00.0000,  1.495487933258993E+08, -2.495144451289929E+07,  2.914642304433063E+05,  4.362802282552391E+00,  2.987943784797881E+01,  6.010843983784042E-03,  5.057375249039862E+02,  1.516162956938022E+08, -6.139285113998860E-01,
2461298.500000000, A.D. 2026-Sep-15 00:00:00.0000,  1.499034891725691E+08, -2.236638227970489E+07,  2.917132145224251E+05,  3.847462194684736E+00,  2.995840038184925E+01, -2.497031912440661E-04,  5.055603355752039E+02,  1.515631756693952E+08, -6.156713226395411E-01,
2461299.500000000, A.D. 2026-Sep-16 00:00:00.0000,  1.502135880916576E+08, -1.977490413867270E+07,  2.914209892476117E+05,  3.330500735182953E+00,  3.002794594574084E+01, -6.513450570921009E-03,  5.053826712043991E+02,  1.515099132309726E+08, -6.172215609297016E-01,
2461300.500000000, A.D. 2026-Sep-17 00:00:00.0000,  1.504789590355508E+08, -1.717782566616763E+07,  2.905882259135554E+05,  2.812127159098564E+00,  3.008803192098199E+01, -1.275863914144360E-02,  5.052045903564775E+02,  1.514565259358515E+08, -6.185584036831504E-01,
2461301.500000000, A.D. 2026-Sep-18 00:00:00.0000,  1.506994890207988E+08, -1.457596563298143E+07,  2.892174384957384E+05,  2.292550801059301E+00,  3.013862472894272E+01, -1.896418506488651E-02,  5.050261572434783E+02,  1.514030330343169E+08, -6.196626771162281E-01,
2461302.500000000, A.D. 2026-Sep-19 00:00:00.0000,  1.508750831850759E+08, -1.197014541960687E+07,  2.873129363884395E+05,  1.771980388998604E+00,  3.017969999841880E+01, -2.510996233072049E-02,  5.048474415619513E+02,  1.513494554208687E+08, -6.205170891731862E-01,
2461303.500000000, A.D. 2026-Sep-20 00:00:00.0000,  1.510056645669547E+08, -9.361188041070776E+06,  2.848807054615738E+05,  1.250622755173685E+00,  3.021124216200677E+01, -3.117705572096163E-02,  5.046685174064712E+02,  1.512958153085018E+08, -6.211069362052626E-01,
2461304.500000000, A.D. 2026-Sep-21 00:00:00.0000,  1.510911740000397E+08, -6.749917527212886E+06,  2.819283112312267E+05,  7.286819598802865E-01,  3.023324433364763E+01, -3.714798975189026E-02,  5.044894628272685E+02,  1.512421360960864E+08, -6.214205150576676E-01,
2461305.500000000, A.D. 2026-Sep-22 00:00:00.0000,  1.511315697921880E+08, -4.137158139557529E+06,  2.784647619217704E+05,  2.063583096003403E-01,  3.024570804190014E+01, -4.300686338047655E-02,  5.043103587510574E+02,  1.511884420448413E+08, -6.214496066489771E-01,
2461306.500000000, A.D. 2026-Sep-23 00:00:00.0000,  1.511268273243096E+08, -1.523733606661499E+06,  2.745003664222352E+05, -3.161524734048523E-01,  3.024864312861926E+01, -4.873934967152671E-02,  5.041312877871990E+02,  1.511347579204298E+08, -6.211898216435978E-01,
2461307.500000000, A.D. 2026-Sep-24 00:00:00.0000,  1.510769387695655E+08,  1.089533493039965E+06,  2.700466169863539E+05, -8.386593021307741E-01,  3.024206803351498E+01, -5.433247434652522E-02,  5.039523335857493E+02,  1.510811088005077E+08, -6.206401783821455E-01,
2461308.500000000, A.D. 2026-Sep-25 00:00:00.0000,  1.509819124799496E+08,  3.701822630503119E+06,  2.651160783148466E+05, -1.360975736648906E+00,  3.022601018844882E+01, -5.977406744983504E-02,  5.037735792196900E+02,  1.510275195897286E+08, -6.198025256143840E-01,
2461309.500000000, A.D. 2026-Sep-26 00:00:00.0000,  1.508417729293997E+08,  6.312316026415411E+06,  2.597223749827258E+05, -1.882917455402333E+00,  3.020050699856029E+01, -6.505178887289631E-02,  5.035951076117029E+02,  1.509740151476869E+08, -6.186783747749652E-01,
2461310.500000000, A.D. 2026-Sep-27 00:00:00.0000,  1.506565604845815E+08,  8.920199559287712E+06,  2.538802356201569E+05, -2.404299517168154E+00,  3.016560517896125E+01, -7.015225720729923E-02,  5.034170015784177E+02,  1.509206203021837E+08, -6.172654716985536E-01,
2461311.500000000, A.D. 2026-Sep-28 00:00:00.0000,  1.504263315025853E+08,  1.152466342398360E+07,  2.476055841912162E+05, -2.924933467183599E+00,  3.012135751148208E+01, -7.506103058692482E-02,  5.032393451239562E+02,  1.508673602370211E+08, -6.155545477078945E-01,
2461312.500000000, A.D. 2026-Sep-29 00:00:00.0000,  1.501511590248543E+08,  1.412490254590513E+07,  2.409156130458908E+05, -3.444627489214763E+00,  3.006781831916818E+01, -7.976413799993232E-02,  5.030622267688595E+02,  1.508142614899898E+08, -6.135296615869845E-01,
2461313.500000000, A.D. 2026-Sep-30 00:00:00.0000,  1.498311324419559E+08,  1.672011629495464E+07,  2.338285846568812E+05, -3.963191837394545E+00,  3.000503756530525E+01, -8.425072293150748E-02,  5.028857392282312E+02,  1.507613518563784E+08, -6.111745659473226E-01,
2461314.500000000, A.D. 2026-Oct-01 00:00:00.0000,  1.494663572236486E+08,  1.930950816925174E+07,  2.263635039993040E+05, -4.480445747475327E+00,  2.993306068867542E+01, -8.851464079831395E-02,  5.027099790979188E+02,  1.507086602948937E+08, -6.084803688085852E-01,
2461315.500000000, A.D. 2026-Oct-02 00:00:00.0000,  1.490569539940303E+08,  2.189228561978813E+07,  2.185397238143077E+05, -4.996221224044972E+00,  2.985193171407743E+01, -9.255403311277099E-02,  5.025350442451565E+02,  1.506562161453942E+08, -6.054494850333966E-01,
2461316.500000000, A.D. 2026-Oct-03 00:00:00.0000,  1.486030573416454E+08,  2.446765969700053E+07,  2.103766142953672E+05, -5.510360610091340E+00,  2.976169622650050E+01, -9.636962865420173E-02,  5.023610301168128E+02,  1.506040480221313E+08, -6.020930615483907E-01,
2461317.500000000, A.D. 2026-Oct-04 00:00:00.0000,  1.481048151061788E+08,  2.703484581581789E+07,  2.018934400282633E+05, -6.022714680247049E+00,  2.966240339545641E+01, -9.996332229322391E-02,  5.021880281418590E+02,  1.505521833348211E+08, -5.984285433519677E-01,
2461318.500000000, A.D. 2026-Oct-05 00:00:00.0000,  1.475623878152776E+08,  2.959306369643230E+07,  1.931092799225766E+05, -6.533138320855572E+00,  2.955410588495597E+01, -1.033373096559913E-01,  5.020161243193163E+02,  1.505006478653214E+08, -5.944752349628052E-01,
2461319.500000000, A.D. 2026-Oct-06 00:00:00.0000,  1.469759485276265E+08,  3.214153761002285E+07,  1.840430190675519E+05, -7.041488473921339E+00,  2.943685968268234E+01, -1.064937855186567E-01,  5.018453993024949E+02,  1.504494657928864E+08, -5.902521079675092E-01,
2461320.500000000, A.D. 2026-Oct-07 00:00:00.0000,  1.463456824318751E+08,  3.467949695324696E+07,  1.747133522487693E+05, -7.547623888815831E+00,  2.931072262554989E+01, -1.094350454535995E-01,  5.016759279813174E+02,  1.503986595689501E+08, -5.857776443872275E-01,
2461321.500000000, A.D. 2026-Oct-08 00:00:00.0000,  1.456717869230458E+08,  3.720617613743448E+07,  1.651387696809936E+05, -8.051403958478209E+00,  2.917575433008206E+01, -1.121635030329422E-01,  5.015077802121709E+02,  1.503482501359305E+08, -5.810687506317169E-01,
2461322.500000000, A.D. 2026-Oct-09 00:00:00.0000,  1.449544716738826E+08,  3.972081474827620E+07,  1.553375533133280E+05, -8.552688803443010E+00,  2.903201619196966E+01, -1.146817600974561E-01,  5.013410216713935E+02,  1.502982571830983E+08, -5.761408413576166E-01,
2461323.500000000, A.D. 2026-Oct-10 00:00:00.0000,  1.441939582138044E+08,  4.222265774238980E+07,  1.453277342157420E+05, -9.051339190537345E+00,  2.887956997308722E+01, -1.169927617206987E-01,  5.011757131571367E+02,  1.502486989372810E+08, -5.710081298410887E-01,
2461324.500000000, A.D. 2026-Oct-11 00:00:00.0000,  1.433904801181163E+08,  4.471095543660248E+07,  1.351270772814490E+05, -9.547216540972922E+00,  2.871847835429919E+01, -1.190997683280326E-01,  5.010119116775008E+02,  1.501995924890769E+08, -5.656836339646041E-01,
2461325.500000000, A.D. 2026-Oct-12 00:00:00.0000,  1.425442830014219E+08,  4.718496364162897E+07,  1.247530645563826E+05, -1.004018332564164E+01,  2.854880482197915E+01, -1.210063760941900E-01,  5.008496709911885E+02,  1.501509539549397E+08, -5.601796693270589E-01,
2461326.500000000, A.D. 2026-Oct-13 00:00:00.0000,  1.416556242295599E+08,  4.964394360429364E+07,  1.142228378784694E+05, -1.053010251751048E+01,  2.837061309745733E+01, -1.227165107244943E-01,  5.006890410367109E+02,  1.501027983060584E+08, -5.545076218245998E-01,
2461327.500000000, A.D. 2026-Oct-14 00:00:00.0000,  1.407247729818467E+08,  5.208716210158256E+07,  1.035531879961342E+05, -1.101683798544296E+01,  2.818396737529885E+01, -1.242343830478578E-01,  5.005300685880935E+02,  1.500551395649331E+08, -5.486783874346094E-01,
2461328.500000000, A.D. 2026-Oct-15 00:00:00.0000,  1.397520101989639E+08,  5.451389154209280E+07,  9.276054358230159E+04, -1.150025468327305E+01,  2.798893222997648E+01, -1.255644534965974E-01,  5.003727975302447E+02,  1.500079908879284E+08, -5.427026971604204E-01,
2461329.500000000, A.D. 2026-Oct-16 00:00:00.0000,  1.387376284262436E+08,  5.692340986228712E+07,  8.186092839369923E+04, -1.198021827420837E+01,  2.778557262727907E+01, -1.267113541940503E-01,  5.002172685322144E+02,  1.499613644673186E+08, -5.365909110415646E-01,
2461330.500000000, A.D. 2026-Oct-17 00:00:00.0000,  1.376819317762945E+08,  5.931500062589662E+07,  7.086995966149867E+04, -1.245659534443885E+01,  2.757395392279656E+01, -1.276798360767906E-01,  5.000635192825305E+02,  1.499152716018402E+08, -5.303533389501059E-01,
2461331.500000000, A.D. 2026-Oct-18 00:00:00.0000,  1.365852358545927E+08,  6.168795312491605E+07,  5.980285138278827E+04, -1.292925349419705E+01,  2.735414190795235E+01, -1.284747082308950E-01,  4.999115845937434E+02,  1.498697227280333E+08, -5.240004175829928E-01,
2461332.500000000, A.D. 2026-Oct-19 00:00:00.0000,  1.354478676646320E+08,  6.404156230209117E+07,  4.867439407483861E+04, -1.339806121117456E+01,  2.712620281857222E+01, -1.291007608327615E-01,  4.997614961757297E+02,  1.498247273522796E+08, -5.175427270295970E-01,
2461333.500000000, A.D. 2026-Oct-20 00:00:00.0000,  1.342701655352817E+08,  6.637512882767341E+07,  3.749896604242921E+04, -1.386288794527040E+01,  2.689020335776784E+01, -1.295626980277476E-01,  4.996132826355771E+02,  1.497802940507684E+08, -5.109911559902033E-01,
2461334.500000000, A.D. 2026-Oct-21 00:00:00.0000,  1.330524790032993E+08,  6.868795923170716E+07,  2.629055355697498E+04, -1.432360442687665E+01,  2.664621081525096E+01, -1.298650772147205E-01,  4.994669694083824E+02,  1.497364304487498E+08, -5.043572168748474E-01,
2461335.500000000, A.D. 2026-Oct-22 00:00:00.0000,  1.317951687449609E+08,  7.097936582645750E+07,  1.506275250713900E+04, -1.478008253378672E+01,  2.639429303647378E+01, -1.300122248248297E-01,  4.993225785041334E+02,  1.496931431446521E+08, -4.976530468617194E-01,
2461336.500000000, A.D. 2026-Oct-23 00:00:00.0000,  1.304986064703396E+08,  7.324866680133010E+07,  3.828796492636204E+03, -1.523219554190612E+01,  2.613451875792761E+01, -1.300081625445433E-01,  4.991801283596328E+02,  1.496504376656898E+08, -4.908915343690750E-01,
2461337.500000000, A.D. 2026-Oct-24 00:00:00.0000,  1.291631746691350E+08,  7.549518639503749E+07, -7.398411670610309E+03, -1.567981884162705E+01,  2.586695781721783E+01, -1.298566098480514E-01,  4.990396333857347E+02,  1.496083183321283E+08, -4.840868342935347E-01,
2461338.500000000, A.D. 2026-Oct-25 00:00:00.0000,  1.277892665879930E+08,  7.771825493094063E+07, -1.860627663087845E+04, -1.612282958405831E+01,  2.559168230738224E+01, -1.295609486589075E-01,  4.989011039807501E+02,  1.495667882613026E+08, -4.772534623239515E-01,
2461339.500000000, A.D. 2026-Oct-26 00:00:00.0000,  1.263772860496481E+08,  7.991720911737207E+07, -2.978248358188570E+04, -1.656110680003171E+01,  2.530876803377612E+01, -1.291243769485888E-01,  4.987645465334930E+02,  1.495258493685312E+08, -4.704054754441609E-01,
2461340.500000000, A.D. 2026-Oct-27 00:00:00.0000,  1.249276471406823E+08,  8.209139235695204E+07, -4.091500597432628E+04, -1.699453051781764E+01,  2.501829521842771E+01, -1.285502631064475E-01,  4.986299631476868E+02,  1.494855022844944E+08, -4.635550757745759E-01,
2461341.500000000, A.D. 2026-Oct-28 00:00:00.0000,  1.234407744095435E+08,  8.424015528585826E+07, -5.199212083382159E+04, -1.742297997517602E+01,  2.472035021786762E+01, -1.278424404952361E-01,  4.984973533039260E+02,  1.494457468534784E+08, -4.567099045718092E-01,
2461342.500000000, A.D. 2026-Oct-29 00:00:00.0000,  1.219171029768833E+08,  8.636285630630659E+07, -6.300245739185065E+04, -1.784633217203486E+01,  2.441502402891664E+01, -1.270053707720127E-01,  4.983667153353356E+02,  1.494065825757666E+08, -4.498724383093505E-01,
2461343.500000000, A.D. 2026-Oct-30 00:00:00.0000,  1.203570786688067E+08,  8.845886154462920E+07, -7.393506103467569E+04, -1.826446063670403E+01,  2.410240862967198E+01, -1.260437972654103E-01,  4.982380469014782E+02,  1.493680087497134E+08, -4.430411794932912E-01,
2461344.500000000, A.D. 2026-Oct-31 00:00:00.0000,  1.187611582926752E+08,  9.052754516246447E+07, -8.477936900956184E+04, -1.867723857015542E+01,  2.378259443829678E+01, -1.249621355109323E-01,  4.981113464511110E+02,  1.493300249102681E+08, -4.362150212922134E-01,
2461345.500000000, A.D. 2026-Nov-01 00:00:00.0000,  1.171298095175126E+08,  9.256828906360210E+07, -9.552516646242142E+04, -1.908454120002862E+01,  2.345566936431969E+01, -1.237640279394885E-01,  4.979866123618962E+02,  1.492926305710661E+08, -4.293960845037572E-01,
2461346.500000000, A.D. 2026-Nov-02 00:00:00.0000,  1.154635107574365E+08,  9.458048257207859E+07, -1.061625197191685E+05, -1.948624686622709E+01,  2.312172075909097E+01, -1.224522762539948E-01,  4.978638419018143E+02,  1.492558249130683E+08, -4.225896547993871E-01,
2461347.500000000, A.D. 2026-Nov-03 00:00:00.0000,  1.137627506814643E+08,  9.656352265797274E+07, -1.166817123475820E+05, -1.988223770763886E+01,  2.278083676126318E+01, -1.210291784951849E-01,  4.977430302949111E+02,  1.492196065044799E+08, -4.158038217736428E-01,
2461348.500000000, A.D. 2026-Nov-04 00:00:00.0000,  1.120280279734289E+08,  9.851681401836723E+07, -1.270732161561400E+05, -2.027239866455717E+01,  2.243310789986381E+01, -1.194968097178108E-01,  4.976241702042229E+02,  1.491839731457343E+08, -4.090475654051799E-01,
2461349.500000000, A.D. 2026-Nov-05 00:00:00.0000,  1.102598513308080E+08,  1.004397692864525E+08, -1.373276725744009E+05, -2.065661668776377E+01,  2.207862827139166E+01, -1.178571946777112E-01,  4.975072521104623E+02,  1.491489219830212E+08, -4.023292250344505E-01,
2461350.500000000, A.D. 2026-Nov-06 00:00:00.0000,  1.084587390139384E+08,  1.023318093604160E+08, -1.474359100453034E+05, -2.103478015420188E+01,  2.171749492559905E+01, -1.161124819812107E-01,  4.973922638719916E+02,  1.491144493763689E+08, -3.956562328147439E-01,
2461351.500000000, A.D. 2026-Nov-07 00:00:00.0000,  1.066252188670706E+08,  1.041923636522669E+08, -1.573889502892345E+05, -2.140677855090373E+01,  2.134980808728661E+01, -1.142649646735210E-01,  4.972791913584407E+02,  1.490805510895993E+08, -3.890346234006415E-01,
2461352.500000000, A.D. 2026-Nov-08 00:00:00.0000,  1.047598283647240E+08,  1.060208704338240E+08, -1.671780062352344E+05, -2.177250265242514E+01,  2.097567121170519E+01, -1.123170829417504E-01,  4.971680193747204E+02,  1.490472225673390E+08, -3.824690135914625E-01,
2461353.500000000, A.D. 2026-Nov-09 00:00:00.0000,  1.028631142548559E+08,  1.078167769451259E+08, -1.767945232518017E+05, -2.213184400976438E+01,  2.059519023221146E+01, -1.102714316860869E-01,  4.970587310974786E+02,  1.490144587660742E+08, -3.759626597108670E-01,
2461354.500000000, A.D. 2026-Nov-10 00:00:00.0000,  1.009356326326496E+08,  1.095795397033987E+08, -1.862301734785736E+05, -2.248469530374842E+01,  2.020847365717712E+01, -1.081307255917716E-01,  4.969513090309965E+02,  1.489822544407201E+08, -3.695176085055579E-01,
2461355.500000000, A.D. 2026-Nov-11 00:00:00.0000,  9.897794886241490E+07,  1.113086247929378E+08, -1.954768570432588E+05, -2.283095062385876E+01,  1.981563230851442E+01, -1.058977831758732E-01,  4.968457355721924E+02,  1.489506043140056E+08, -3.631350228396267E-01,
2461356.500000000, A.D. 2026-Nov-12 00:00:00.0000,  9.699063735991642E+07,  1.130035078408656E+08, -2.045267344192788E+05, -2.317050501869816E+01,  1.941677906084081E+01, -1.035754715764101E-01,  4.967419925006513E+02,  1.489195029235878E+08, -3.568150569431768E-01,
2461357.500000000, A.D. 2026-Nov-13 00:00:00.0000,  9.497428156400411E+07,  1.146636743652852E+08, -2.133722091296837E+05, -2.350325502896129E+01,  1.901202869877559E+01, -1.011666871567920E-01,  4.966400618140319E+02,  1.488889448725006E+08, -3.505573025349277E-01,
2461358.500000000, A.D. 2026-Nov-14 00:00:00.0000,  9.292947379200649E+07,  1.162886199167241E+08, -2.220059308528528E+05, -2.382909871617366E+01,  1.860149772558194E+01, -9.867431489968581E-02,  4.965399258035482E+02,  1.488589248517833E+08, -3.443609411239528E-01,
2461359.500000000, A.D. 2026-Nov-15 00:00:00.0000,  9.085681510699968E+07,  1.178778500904917E+08, -2.304208045035824E+05, -2.414793556289276E+01,  1.818530426096212E+01, -9.610116971262883E-02,  4.964415668153792E+02,  1.488294375689538E+08, -3.382247775925156E-01,
2461360.500000000, A.D. 2026-Nov-16 00:00:00.0000,  8.875691516545145E+07,  1.194308808560279E+08, -2.386099653012380E+05, -2.445966687178519E+01,  1.776356785108375E+01, -9.344997233990249E-02,  4.963449677933156E+02,  1.488004779106889E+08, -3.321476147979684E-01,
2461361.500000000, A.D. 2026-Nov-17 00:00:00.0000,  8.663039210842562E+07,  1.209472384635503E+08, -2.465667849321812E+05, -2.476419558178537E+01,  1.733640932246871E+01, -9.072327730060614E-02,  4.962501118045993E+02,  1.487720408006756E+08, -3.261282930955504E-01,
2461362.500000000, A.D. 2026-Nov-18 00:00:00.0000,  8.447787234053606E+07,  1.224264597402526E+08, -2.542848415783048E+05, -2.506142671831402E+01,  1.690395068927550E+01, -8.792343799918712E-02,  4.961569823656723E+02,  1.487441212972675E+08, -3.201660035824351E-01,
2461363.500000000, A.D. 2026-Nov-19 00:00:00.0000,  8.229999042101943E+07,  1.238680920471337E+08, -2.617579081974253E+05, -2.535126728090233E+01,  1.646631499506248E+01, -8.505253207581021E-02,  4.960655630880091E+02,  1.487167144873083E+08, -3.142603700041670E-01,
2461364.500000000, A.D. 2026-Nov-20 00:00:00.0000,  8.009738882781763E+07,  1.252716934291967E+08, -2.689799233964905E+05, -2.563362670192564E+01,  1.602362607167554E+01, -8.211232536221047E-02,  4.959758375945805E+02,  1.486898154610881E+08, -3.084118803097229E-01,
2461365.500000000, A.D. 2026-Nov-21 00:00:00.0000,  7.787071770181543E+07,  1.266368327144034E+08, -2.759449658664986E+05, -2.590841718378956E+01,  1.557600927244827E+01, -7.910429524397422E-02,  4.958877892878284E+02,  1.486634192427841E+08, -3.026213968695988E-01,
2461366.500000000, A.D. 2026-Nov-22 00:00:00.0000,  7.562063478138821E+07,  1.279630895589497E+08, -2.826472257409543E+05, -2.617555371702208E+01,  1.512359105914104E+01, -7.602963893582437E-02,  4.958014013152341E+02,  1.486375207801385E+08, -2.968904546012697E-01,
2461367.500000000, A.D. 2026-Nov-23 00:00:00.0000,  7.334780479030827E+07,  1.292500546336640E+08, -2.890810073374510E+05, -2.643495499244964E+01,  1.466649946343789E+01, -7.288966157273169E-02,  4.957166560073599E+02,  1.486121147759869E+08, -2.912211466829316E-01,
2461368.500000000, A.D. 2026-Nov-24 00:00:00.0000,  7.105289956927870E+07,  1.304973298900136E+08, -2.952407280000150E+05, -2.668654298852908E+01,  1.420486668204023E+01, -6.968613421741399E-02,  4.956335358904302E+02,  1.485871959918233E+08, -2.856135139845243E-01